Filename,StartCity,Construction Heuristics,Construction Time(ms),Improvement Heuristics,Improvement Time(ms),Cost,Cost Reduction,Path
berlin52.tsp,18,Nearest Neighbour,0,None,0,9223.29,0,18>44>31>48>0>21>30>17>2>16>20>22>19>49>15>43>33>34>35>38>39>37>36>47>23>4>14>5>3>24>45>28>29>41>6>1>40>7>9>8>42>32>50>11>27>26>25>46>12>13>51>10
berlin52.tsp,18,Nearest Neighbour,0,2-OPT,8.129,7793.62,1429.38,18>40>7>8>9>42>32>50>10>51>13>12>46>25>26>27>11>24>3>5>14>4>23>47>37>39>38>36>45>43>33>34>35>22>19>49>15>28>29>1>6>41>20>16>2>17>30>21>0>48>31>44
berlin52.tsp,18,Nearest Neighbour,0,3-OPT,1972.35,7985.89,1237.11,18>44>31>17>2>16>20>41>6>1>29>28>49>19>22>30>21>0>48>35>34>33>43>15>45>36>38>39>37>47>23>4>14>5>3>24>27>26>25>46>12>13>51>10>11>50>32>42>9>8>7>40
berlin52.tsp,18,Nearest Neighbour,0,Node Shift,8.933,8374.63,848.372,48>0>21>17>2>16>22>19>49>43>33>36>23>47>45>15>28>29>1>6>41>20>30>31>44>18>40>7>8>9>42>32>11>27>26>25>46>12>13>51>10>50>24>3>5>14>4>37>39>38>35>34
berlin52.tsp,18,Nearest Insertion,5.818,None,0,9430.43,0,18>40>7>8>9>32>42>44>36>22>29>19>49>28>15>45>47>23>4>5>24>27>25>46>13>51>12>26>11>10>50>3>14>37>39>38>35>33>43>34>48>0>21>30>20>41>1>6>16>17>2>31
berlin52.tsp,18,Nearest Insertion,5.818,2-OPT,6.398,8226.78,1203.22,18>40>7>8>9>32>50>10>51>13>12>46>25>26>27>11>24>3>42>14>5>4>23>47>45>15>28>49>19>29>22>43>33>36>37>39>38>35>34>48>0>21>30>20>41>1>6>16>2>17>31>44
berlin52.tsp,18,Nearest Insertion,5.818,3-OPT,2739.89,8139.5,1290.5,18>40>7>8>9>32>50>10>51>13>12>46>25>26>27>11>24>3>42>14>5>4>23>47>45>15>28>29>22>19>49>43>33>36>37>39>38>35>34>48>0>21>30>20>41>1>6>16>2>17>31>44
berlin52.tsp,18,Nearest Insertion,5.818,Node Shift,13.478,8306.62,1123.38,44>18>40>7>8>9>32>42>37>36>33>43>49>19>28>15>45>47>23>4>5>24>27>26>25>46>12>13>51>10>50>11>3>14>39>38>35>34>48>31>0>21>17>30>22>29>1>6>41>20>16>2
berlin52.tsp,18,Cheapest Insertion,8,None,0,9216.76,0,18>40>7>8>9>32>42>44>39>37>14>3>50>10>11>26>12>51>13>46>25>27>24>5>4>23>47>45>36>38>35>33>43>34>48>0>21>15>28>49>19>22>29>1>6>41>20>30>17>16>2>31
berlin52.tsp,18,Cheapest Insertion,8,2-OPT,3.974,8096.31,1119.69,18>40>7>8>9>42>32>50>10>51>13>12>46>25>26>27>11>24>45>15>28>49>19>22>29>1>6>41>20>30>17>16>2>31>21>0>48>34>43>33>35>38>36>47>23>4>5>3>14>37>39>44
berlin52.tsp,18,Cheapest Insertion,8,3-OPT,2681.8,7900.94,1315.06,18>40>7>8>9>42>32>50>10>51>13>12>46>25>26>27>11>24>45>15>28>49>19>22>29>1>6>41>20>16>2>17>30>21>0>31>48>34>43>33>35>38>36>47>23>4>5>3>14>37>39>44
berlin52.tsp,18,Cheapest Insertion,8,Node Shift,13.279,7544.37,1671.63,44>18>40>7>8>9>42>32>50>10>51>13>12>46>25>26>27>11>24>3>5>14>4>23>47>37>36>39>38>35>34>33>43>45>15>28>49>19>22>29>1>6>41>20>16>2>17>30>21>0>48>31
bier127.tsp,126,Nearest Neighbour,1.15,None,0,144222,0,126>92>94>122>96>27>121>32>24>28>31>25>37>38>33>42>39>34>35>36>40>13>11>30>26>29>41>43>44>102>53>56>120>4>55>123>51>49>12>114>9>119>6>0>15>1>50>104>113>105>5>107>3>21>18>22>23>8>10>2>89>115>59>61>60>90>57>63>99>112>65>54>46>48>52>117>47>45>93>111>110>106>64>88>91>98>124>58>66>72>73>17>76>20>16>19>14>71>7>67>70>69>68>74>75>77>116>83>80>125>81>82>101>100>62>118>95>108>86>85>84>87>109>103>78>79>97
bier127.tsp,126,Nearest Neighbour,1.15,2-OPT,108.485,127290,16931.6,126>92>94>122>102>44>43>53>56>120>4>55>123>51>49>50>1>12>114>119>6>0>15>104>113>10>8>5>105>14>107>19>16>20>21>3>23>22>18>7>66>58>61>90>60>59>115>89>2>9>99>57>63>112>65>54>46>48>52>47>117>45>93>106>110>111>64>98>91>88>124>103>109>84>85>86>87>108>95>118>62>101>100>82>81>125>80>83>116>77>75>74>68>69>70>67>72>73>71>17>76>78>79>26>30>11>13>40>35>36>34>39>42>29>33>41>38>37>25>24>28>31>32>121>27>96>97
bier127.tsp,126,Nearest Neighbour,1.15,3-OPT,82679.4,125366,18856,126>92>106>110>111>45>48>46>52>117>47>93>44>102>43>53>56>120>4>55>54>65>123>51>49>50>1>12>114>119>6>0>15>104>113>10>8>5>105>14>107>19>16>20>21>3>23>22>18>7>66>58>61>90>60>59>115>89>2>9>99>57>63>112>64>98>91>88>124>103>109>84>85>86>87>108>95>118>62>101>100>82>81>125>80>83>116>77>75>74>68>69>70>67>72>73>71>17>76>78>79>26>30>11>13>40>35>36>34>39>42>29>33>41>38>37>25>24>28>31>32>121>27>96>97>122>94
bier127.tsp,126,Nearest Neighbour,1.15,Node Shift,166.439,133248,10974.2,126>92>94>122>31>28>25>37>33>42>34>36>35>40>13>11>30>26>29>38>41>39>43>102>44>53>56>50>1>120>55>123>51>4>49>12>114>9>119>6>0>15>104>113>5>105>14>19>107>23>8>10>2>89>115>59>61>60>90>99>57>63>112>65>54>46>52>45>111>110>106>93>47>117>48>64>98>91>88>124>103>58>7>22>3>21>16>20>18>71>73>72>67>69>68>74>75>77>116>83>80>125>81>82>100>101>62>118>95>108>84>85>87>86>109>70>66>17>76>78>79>24>32>121>27>96>97
bier127.tsp,126,Nearest Insertion,75.838,None,0,142033,0,126>97>96>122>94>102>43>56>50>34>35>36>40>39>42>33>41>38>37>27>121>32>31>28>24>25>29>26>30>13>11>15>0>104>14>107>19>21>3>16>20>79>78>77>116>82>100>101>81>125>80>83>74>75>76>17>73>67>68>69>62>118>95>108>87>86>85>84>109>70>72>66>71>7>18>22>23>8>10>105>5>113>115>59>58>61>60>90>124>103>91>98>88>64>112>63>57>99>89>2>9>119>6>12>114>49>1>120>4>51>123>65>54>46>48>45>111>110>106>93>117>47>52>55>53>44>92
bier127.tsp,126,Nearest Insertion,75.838,2-OPT,112.101,128975,13056.7,126>97>96>122>94>102>43>56>50>1>34>36>35>40>39>42>33>41>38>37>27>121>32>31>28>24>25>26>30>29>11>13>15>0>104>113>105>14>107>3>21>19>16>20>17>76>78>79>77>116>83>80>125>81>82>100>101>62>118>95>108>87>86>85>84>109>70>69>68>74>75>67>73>72>66>7>71>18>22>23>5>10>8>89>115>59>60>90>61>58>103>124>88>91>98>64>112>63>57>99>2>9>119>6>12>114>49>120>4>51>123>65>54>46>48>45>111>110>106>93>47>117>52>55>53>44>92
bier127.tsp,126,Nearest Insertion,75.838,3-OPT,100198,126180,15851.6,126>97>96>122>94>92>93>47>117>52>55>53>44>102>43>56>50>1>34>36>35>40>39>42>33>41>38>37>27>121>32>31>28>24>25>26>30>29>11>13>15>0>104>113>105>14>107>19>16>20>17>76>78>79>77>116>83>80>125>81>82>100>101>62>118>95>108>87>86>85>84>109>70>69>68>74>75>67>73>72>66>7>71>18>21>3>22>23>5>10>8>89>115>59>60>90>61>58>103>124>88>91>98>64>112>63>57>99>2>9>119>6>12>114>49>120>4>51>123>65>54>46>48>45>111>110>106
bier127.tsp,126,Nearest Insertion,75.838,Node Shift,113.371,133389,8643.29,126>97>96>122>94>39>34>36>35>42>33>41>38>37>27>121>31>28>32>24>25>26>30>11>29>40>13>15>0>6>104>14>107>19>3>21>20>16>78>79>77>116>82>100>101>81>125>80>83>74>75>76>17>73>72>67>69>68>62>118>95>108>87>86>85>84>109>70>66>7>71>18>22>23>5>105>113>10>8>115>59>61>58>103>124>88>91>98>64>112>63>57>99>90>60>89>2>9>119>12>114>49>1>50>56>120>55>4>51>123>65>54>46>48>45>111>110>106>93>47>117>52>53>43>44>102>92
bier127.tsp,126,Cheapest Insertion,124.598,None,0,137768,0,126>97>96>122>94>102>43>39>34>35>36>40>42>33>41>38>37>27>121>32>31>28>24>25>26>30>29>13>11>15>0>104>14>19>16>20>79>78>76>17>73>67>75>77>116>83>80>125>82>100>101>81>74>68>69>62>118>95>108>87>86>85>84>109>70>72>66>71>7>18>21>3>22>23>107>105>5>8>10>113>6>119>2>89>115>59>58>61>60>90>57>63>124>103>91>88>98>64>112>99>9>12>114>49>1>50>4>51>123>65>54>46>48>45>111>110>106>93>117>47>52>55>120>56>53>44>92
bier127.tsp,126,Cheapest Insertion,124.598,2-OPT,37.002,134449,3317.99,126>97>96>122>39>34>36>35>40>42>33>41>38>37>27>121>32>31>28>24>25>26>30>29>11>13>15>0>104>14>19>16>20>17>76>78>79>77>75>116>83>80>125>82>100>101>81>74>68>62>118>95>108>87>86>85>84>109>70>69>67>73>72>66>7>71>18>21>3>22>23>107>105>5>8>10>113>6>119>2>89>115>59>58>61>60>90>57>63>124>103>88>91>98>64>112>99>9>114>12>49>1>50>4>51>123>65>54>46>48>45>111>110>106>93>47>117>52>55>120>56>53>43>44>102>94>92
bier127.tsp,126,Cheapest Insertion,124.598,3-OPT,184372,126115,11652,126>97>96>122>27>121>32>31>28>24>25>37>38>41>33>42>39>34>36>35>40>29>26>30>11>13>15>0>104>14>19>16>20>17>76>78>79>77>75>116>83>80>125>81>82>100>101>62>118>95>108>87>86>85>84>109>70>69>68>74>67>73>72>66>7>71>18>21>3>22>23>107>105>5>8>10>113>6>119>2>89>115>59>60>90>61>58>103>124>88>91>98>64>112>63>57>99>9>114>12>49>1>50>4>51>123>65>54>46>48>45>111>110>106>93>47>117>52>55>120>56>53>43>44>102>94>92
bier127.tsp,126,Cheapest Insertion,124.598,Node Shift,87.039,132314,5453.2,126>97>96>122>94>39>34>36>35>42>33>41>38>37>27>121>31>28>32>24>25>26>30>11>29>40>13>15>0>6>104>113>5>105>14>107>19>16>20>17>76>78>79>77>75>116>83>80>125>82>100>101>81>74>68>62>118>95>108>87>86>85>84>109>70>69>67>73>72>66>7>71>18>21>3>22>23>8>10>2>89>115>59>58>61>60>90>57>63>124>103>88>91>98>64>112>99>9>119>12>114>49>1>50>56>120>55>4>51>123>65>54>46>48>45>111>110>106>93>47>117>52>53>43>44>102>92
ch130.tsp,99,Nearest Neighbour,2.067,None,0,7502.88,0,99>26>18>14>23>115>94>78>37>105>57>48>52>119>59>50>41>43>39>46>36>21>22>121>54>13>9>66>95>12>32>20>17>7>107>113>2>82>29>58>120>77>89>124>84>65>27>114>61>104>111>116>38>70>40>0>129>49>1>117>79>45>19>34>53>16>30>33>103>106>126>42>62>67>97>109>88>93>28>80>86>11>102>76>118>83>35>31>112>24>47>69>96>25>6>87>68>63>85>123>128>60>108>75>10>4>44>15>127>125>92>3>91>72>98>73>74>51>8>56>55>64>81>100>122>110>71>90>5>101
ch130.tsp,99,Nearest Neighbour,2.067,2-OPT,105.608,6454.44,1047.56,99>18>26>30>16>33>126>106>103>42>109>88>93>28>14>23>115>94>78>86>11>37>105>57>48>52>119>59>50>54>121>95>12>66>13>9>101>5>90>71>91>72>98>73>74>51>64>55>8>56>81>100>122>110>102>80>76>118>83>35>31>112>24>47>97>67>62>69>96>6>25>87>85>68>63>123>128>60>108>75>10>4>44>15>127>104>111>61>114>27>65>84>124>89>77>120>58>29>125>113>2>82>116>38>70>40>0>129>49>1>117>19>79>45>17>107>7>20>32>22>21>36>46>39>43>41>92>3>34>53
ch130.tsp,99,Nearest Neighbour,2.067,3-OPT,72744.3,6354.97,1147.03,99>53>34>3>19>92>36>21>46>39>22>32>20>125>113>2>107>7>17>45>79>117>1>49>129>0>40>70>38>116>82>29>58>120>77>89>124>84>65>27>114>61>111>104>127>15>44>4>10>75>108>60>128>123>63>68>85>87>25>6>96>69>62>67>97>47>24>112>31>35>83>118>110>122>100>81>56>8>55>64>51>74>73>98>72>91>71>90>5>101>9>13>66>12>95>121>54>43>41>50>59>119>52>48>57>105>37>11>86>80>102>76>28>93>88>109>42>103>106>126>33>16>30>26>18>14>23>94>78>115
ch130.tsp,99,Nearest Neighbour,2.067,Node Shift,104.958,7075.42,426.582,99>26>18>14>28>23>115>94>78>37>57>48>52>119>41>43>39>46>36>21>22>121>13>9>95>66>12>32>20>125>29>58>120>77>89>124>84>65>27>114>116>38>70>40>0>129>49>1>79>45>19>117>34>53>16>30>33>126>106>103>42>109>88>93>80>86>11>102>76>118>83>35>31>112>24>47>97>67>62>69>96>6>25>63>68>85>87>123>128>60>108>75>10>4>44>15>127>104>61>111>82>2>113>107>7>17>92>3>105>91>98>73>74>51>8>56>81>100>122>110>55>64>72>71>90>5>101>54>59>50
ch130.tsp,99,Nearest Insertion,84.648,None,0,7342.03,0,99>115>105>52>41>43>3>34>53>1>129>70>38>40>0>49>19>117>79>45>17>2>116>127>15>44>75>128>123>87>85>68>63>60>108>10>4>104>61>111>27>114>82>29>58>124>89>84>65>77>120>113>125>107>7>20>32>92>36>21>22>46>39>95>12>66>13>9>121>54>101>5>50>59>119>90>71>48>57>91>98>73>74>51>8>56>81>100>122>110>55>64>72>37>78>94>23>28>14>86>11>80>102>76>93>88>97>112>35>118>83>31>24>47>67>62>6>96>25>69>106>126>103>42>109>18>26>33>16>30
ch130.tsp,99,Nearest Insertion,84.648,2-OPT,60.731,6670.35,671.65,99>14>28>23>115>94>78>37>105>52>41>43>3>34>53>1>0>40>38>70>129>49>117>19>79>45>17>107>113>2>116>111>104>127>15>44>75>128>123>87>85>68>63>60>108>10>4>61>27>114>82>29>58>89>124>84>65>77>120>125>7>20>32>92>36>21>46>39>22>95>12>66>9>13>121>54>101>5>59>50>119>57>48>71>90>91>72>98>73>74>51>8>56>81>100>122>110>55>64>11>86>80>102>76>93>88>109>97>112>35>118>83>31>24>47>67>62>6>25>96>69>106>126>103>42>18>26>33>16>30
ch130.tsp,99,Nearest Insertion,84.648,3-OPT,101891,6670.35,671.65,99>14>28>23>115>94>78>37>105>52>41>43>3>34>53>1>0>40>38>70>129>49>117>19>79>45>17>107>113>2>116>111>104>127>15>44>75>128>123>87>85>68>63>60>108>10>4>61>27>114>82>29>58>89>124>84>65>77>120>125>7>20>32>92>36>21>46>39>22>95>12>66>9>13>121>54>101>5>59>50>119>57>48>71>90>91>72>98>73>74>51>8>56>81>100>122>110>55>64>11>86>80>102>76>93>88>109>97>112>35>118>83>31>24>47>67>62>6>25>96>69>106>126>103>42>18>26>33>16>30
ch130.tsp,99,Nearest Insertion,84.648,Node Shift,106.919,6820.42,521.583,99>105>41>43>3>34>53>1>129>70>38>40>0>49>79>117>19>45>17>7>107>113>2>116>111>61>104>127>15>44>75>128>123>87>85>68>63>60>108>10>4>27>114>82>29>58>89>124>84>65>77>120>125>20>32>92>36>21>46>39>22>95>12>66>9>13>121>54>101>5>59>50>119>52>57>48>71>90>98>73>74>51>8>56>81>100>122>110>55>64>72>91>37>78>94>115>23>14>28>86>11>80>102>76>118>83>35>31>112>24>47>97>67>62>6>25>96>69>106>126>103>42>109>93>88>18>26>33>16>30
ch130.tsp,99,Cheapest Insertion,144.102,None,0,7145.28,0,99>115>78>94>23>28>14>37>105>52>41>43>92>19>3>34>53>1>129>70>38>40>0>49>117>79>45>17>107>7>2>116>127>15>44>75>128>123>87>85>68>63>60>108>10>4>104>61>111>27>114>82>29>58>124>89>84>65>77>120>113>125>20>32>39>46>36>21>22>95>12>66>9>13>121>54>101>5>50>59>119>57>48>71>90>91>98>73>74>51>72>8>56>81>100>122>110>55>64>86>11>80>102>76>93>88>109>97>112>35>118>83>31>24>47>67>62>6>25>96>69>42>106>126>103>18>26>33>16>30
ch130.tsp,99,Cheapest Insertion,144.102,2-OPT,70.844,6660.17,484.828,99>14>28>23>115>94>78>37>105>52>41>43>92>19>3>34>53>1>0>40>38>70>129>49>117>79>45>17>7>107>113>2>116>111>104>127>15>44>75>128>123>87>85>68>63>60>108>10>4>61>27>114>82>29>58>89>124>84>65>77>120>125>20>32>21>36>39>46>22>95>12>66>9>13>121>54>101>5>59>50>119>57>48>71>90>91>72>98>73>74>51>8>56>81>100>122>110>55>64>11>86>80>102>76>93>88>109>97>112>35>118>83>31>24>47>67>62>6>25>96>69>106>126>103>42>18>26>33>16>30
ch130.tsp,99,Cheapest Insertion,144.102,3-OPT,63259.5,6660.17,484.828,99>14>28>23>115>94>78>37>105>52>41>43>92>19>3>34>53>1>0>40>38>70>129>49>117>79>45>17>7>107>113>2>116>111>104>127>15>44>75>128>123>87>85>68>63>60>108>10>4>61>27>114>82>29>58>89>124>84>65>77>120>125>20>32>21>36>39>46>22>95>12>66>9>13>121>54>101>5>59>50>119>57>48>71>90>91>72>98>73>74>51>8>56>81>100>122>110>55>64>11>86>80>102>76>93>88>109>97>112>35>118>83>31>24>47>67>62>6>25>96>69>106>126>103>42>18>26>33>16>30
ch130.tsp,99,Cheapest Insertion,144.102,Node Shift,94.628,6621.24,523.757,99>14>28>23>115>94>78>37>91>105>41>43>3>34>53>1>129>70>38>40>0>49>79>117>19>45>17>7>107>113>2>116>111>61>104>127>15>44>75>128>123>87>85>68>63>60>108>10>4>27>114>82>29>58>89>124>84>65>77>120>125>20>32>92>36>21>46>39>22>95>12>66>9>13>121>54>101>5>59>50>119>52>57>48>71>90>98>72>73>74>51>8>56>81>100>122>110>55>64>11>86>80>102>76>93>88>109>97>112>35>118>83>31>24>47>67>62>6>25>96>69>106>126>103>42>18>26>33>16>30
eil51.tsp,48,Nearest Neighbour,0,None,0,551.523,0,48>8>49>15>1>28>20>33>29>9>38>32>44>14>43>36>16>3>17>46>11>45>50>26>0>31>10>37>4>5>47>7>25>30>27>2>19>34>35>21>6>22>23>13>24>12>40>18>41>39>42
eil51.tsp,48,Nearest Neighbour,0,2-OPT,7,450.847,100.153,48>8>49>15>1>21>27>2>35>34>19>28>20>33>29>9>38>32>44>43>41>18>39>40>12>24>13>23>42>22>6>25>30>7>47>5>26>0>31>10>37>4>45>50>11>46>17>3>16>36>14
eil51.tsp,48,Nearest Neighbour,0,3-OPT,1723.37,445.232,105.768,48>4>37>10>31>0>26>50>45>11>16>3>46>17>5>47>7>30>25>6>22>42>23>13>24>12>40>39>18>41>43>36>14>44>32>38>9>29>33>20>28>19>34>35>2>27>21>1>15>49>8
eil51.tsp,48,Nearest Neighbour,0,Node Shift,23.05,463.1,87.8996,8>49>15>1>28>20>33>29>38>9>48>37>10>31>0>7>25>30>27>19>34>35>2>21>47>22>6>42>23>13>24>12>40>39>18>41>43>44>32>14>36>16>3>46>17>5>26>50>45>11>4
eil51.tsp,48,Nearest Insertion,6.015,None,0,486.074,0,48>4>37>10>31>45>11>36>14>32>44>43>41>18>39>40>12>16>3>17>46>50>26>5>13>24>23>42>22>6>47>25>30>27>7>0>21>2>35>34>19>1>28>15>49>20>33>29>38>9>8
eil51.tsp,48,Nearest Insertion,6.015,2-OPT,2.581,471.691,14.3088,48>9>38>29>33>20>49>15>1>28>19>34>35>2>21>0>7>27>30>25>47>22>6>42>23>24>13>5>26>50>46>17>12>40>39>18>41>43>44>32>14>36>16>3>11>45>31>10>4>37>8
eil51.tsp,48,Nearest Insertion,6.015,3-OPT,2290.34,460.807,25.1933,48>4>37>10>31>45>11>16>36>14>32>44>43>41>18>39>40>12>17>3>46>50>26>5>13>24>23>42>6>22>47>0>21>7>25>30>27>2>35>34>19>28>1>15>49>20>33>29>38>9>8
eil51.tsp,48,Nearest Insertion,6.015,Node Shift,3.985,463.2,22.8005,37>4>10>31>45>11>16>36>14>32>44>43>41>18>39>40>12>17>3>46>50>26>5>13>24>23>42>6>22>47>25>7>0>21>30>27>2>35>34>19>28>1>15>49>20>33>29>38>9>48>8
eil51.tsp,48,Cheapest Insertion,7.999,None,0,481.609,0,48>4>37>10>31>45>11>36>14>32>44>43>41>18>39>40>12>16>3>17>46>50>5>13>24>23>42>22>6>25>30>27>7>47>26>0>21>1>2>35>34>19>28>20>15>49>33>29>38>9>8
eil51.tsp,48,Cheapest Insertion,7.999,2-OPT,2.588,472.984,8.01587,48>9>38>29>33>49>15>20>28>19>34>35>2>1>21>0>26>47>7>27>30>25>6>22>42>23>24>13>5>50>46>17>12>40>39>18>41>43>44>32>14>36>16>3>11>45>31>10>4>37>8
eil51.tsp,48,Cheapest Insertion,7.999,3-OPT,1077.43,470.971,10.0292,48>4>37>10>31>45>11>16>36>14>32>44>43>41>18>39>40>12>17>3>46>50>5>13>24>23>42>22>6>25>30>27>7>47>26>0>21>1>2>35>34>19>28>20>15>49>33>29>38>9>8
eil51.tsp,48,Cheapest Insertion,7.999,Node Shift,6,442.586,38.4142,37>4>10>31>50>45>11>46>17>3>16>36>14>32>44>43>41>18>39>40>12>24>13>23>42>22>6>25>7>47>5>26>0>21>30>27>2>35>34>19>1>28>20>15>49>33>29>38>9>48>8
eil76.tsp,36,Nearest Neighbour,0,None,0,728.972,0,36>19>69>59>70>35>46>20>73>27>61>72>32>62>15>50>5>67>74>75>66>33>45>7>34>6>52>13>18>53>12>26>51>44>28>47>4>14>56>3>29>1>0>42>40>41>63>21>60>68>25>11>39>16>2>43>31>8>38>71>57>9>37>64>10>65>58>30>24>49>17>23>48>22>55>54
eil76.tsp,36,Nearest Neighbour,0,2-OPT,29.14,580.918,147.082,36>19>69>59>70>68>60>27>73>1>5>50>32>72>61>21>63>41>40>42>0>55>22>62>15>48>23>17>49>24>54>30>9>57>71>38>8>31>43>2>16>39>11>25>66>75>74>67>3>29>47>28>44>51>33>45>7>34>6>52>37>64>65>10>58>13>18>53>12>26>56>14>4>46>20>35
eil76.tsp,36,Nearest Neighbour,0,3-OPT,11977.7,579.489,148.511,36>19>69>59>70>68>60>27>73>1>5>50>32>72>61>21>63>41>40>55>22>42>0>62>15>48>23>17>49>24>54>30>9>57>71>38>8>31>43>2>16>39>11>25>66>75>74>67>3>29>47>28>44>51>33>45>7>34>6>52>37>64>65>10>58>13>18>53>12>26>56>14>4>46>20>35
eil76.tsp,36,Nearest Neighbour,0,Node Shift,58.622,625.78,102.22,4>36>19>69>59>70>35>68>20>73>27>61>32>62>15>16>25>66>33>45>7>6>34>18>53>12>56>14>26>51>3>1>72>0>42>40>41>63>21>60>46>47>29>74>75>11>39>31>8>38>71>57>64>65>58>13>52>10>37>9>30>54>24>49>17>23>55>22>48>2>43>50>5>67>44>28
eil76.tsp,36,Nearest Insertion,17,None,0,626.435,0,36>46>20>60>27>21>61>72>0>42>41>63>40>55>22>62>48>23>15>32>1>73>47>29>44>3>33>45>66>74>67>5>50>2>43>17>49>54>24>31>39>11>16>75>25>6>52>57>71>38>8>30>9>37>64>65>10>58>13>18>34>7>51>53>12>26>28>56>14>4>35>68>70>59>69>19
eil76.tsp,36,Nearest Insertion,17,2-OPT,11,581.269,44.7312,36>14>56>12>53>18>13>58>10>65>64>37>52>6>25>16>11>39>31>8>38>71>57>9>30>24>54>17>49>43>2>50>5>67>74>75>66>3>33>45>34>7>51>26>44>28>47>29>73>1>32>62>15>48>23>22>55>40>63>41>42>0>72>61>21>27>60>20>46>4>35>68>70>59>69>19
eil76.tsp,36,Nearest Insertion,17,3-OPT,7793.5,579.669,46.3306,36>14>56>53>12>26>51>33>45>7>34>18>13>58>10>65>64>37>52>6>25>16>11>39>31>8>38>71>57>9>30>24>54>17>49>43>2>50>5>67>74>75>66>3>44>28>47>29>73>1>32>62>15>48>23>22>55>40>63>41>42>0>72>61>21>27>60>20>46>4>35>68>70>59>69>19
eil76.tsp,36,Nearest Insertion,17,Node Shift,27,578.502,47.498,36>46>20>60>27>21>61>72>0>42>41>63>40>55>22>23>48>15>62>32>1>73>29>47>28>44>3>33>45>66>25>75>74>67>5>50>16>2>43>31>49>17>54>24>8>38>39>11>57>71>30>9>37>64>65>10>58>13>52>6>34>7>18>53>12>51>26>56>14>4>35>68>70>59>69>19
eil76.tsp,36,Cheapest Insertion,25.04,None,0,618.427,0,36>56>14>4>28>44>3>26>12>53>51>33>45>7>18>34>13>58>52>6>66>25>75>74>16>11>39>57>37>10>65>64>9>30>71>38>8>24>54>17>49>31>43>2>50>5>67>29>1>73>32>15>62>48>23>22>55>40>63>41>42>0>72>61>21>27>60>20>47>46>35>68>70>59>69>19
eil76.tsp,36,Cheapest Insertion,25.04,2-OPT,7.588,598.286,19.714,36>56>14>4>28>44>3>26>12>53>51>33>45>7>34>18>58>13>52>6>25>66>74>75>16>39>11>57>37>10>65>64>9>30>71>38>8>24>54>17>49>31>43>2>50>5>67>29>73>1>32>62>15>48>23>22>55>40>63>41>42>0>72>61>21>27>60>20>47>46>35>68>70>59>69>19
eil76.tsp,36,Cheapest Insertion,25.04,3-OPT,6131.49,598.286,19.714,36>56>14>4>28>44>3>26>12>53>51>33>45>7>34>18>58>13>52>6>25>66>74>75>16>39>11>57>37>10>65>64>9>30>71>38>8>24>54>17>49>31>43>2>50>5>67>29>73>1>32>62>15>48>23>22>55>40>63>41>42>0>72>61>21>27>60>20>47>46>35>68>70>59>69>19
eil76.tsp,36,Cheapest Insertion,25.04,Node Shift,15,587.914,30.0857,36>56>14>4>47>28>44>26>12>53>51>33>45>7>18>58>13>52>34>6>25>66>75>16>39>11>71>57>10>65>64>37>9>30>38>8>24>54>17>49>31>43>2>50>5>67>74>3>29>73>1>32>62>15>48>23>22>55>40>63>41>42>0>72>61>21>27>60>20>46>35>68>70>59>69>19
eil101.tsp,56,Nearest Neighbour,1,None,0,785.122,0,56>1>86>96>94>93>5>95>98>58>91>36>97>84>92>90>99>43>13>41>42>14>40>21>73>71>72>20>39>57>52>100>26>27>25>11>79>67>76>2>78>32>80>8>50>19>29>69>30>87>6>81>47>46>35>48>18>10>61>9>89>31>62>63>45>7>44>16>83>4>59>82>17>51>88>12>60>15>85>37>74>55>38>22>66>24>54>53>3>23>28>77>33>34>70>65>64>49>75>0>68
eil101.tsp,56,Nearest Neighbour,1,2-OPT,34,677.583,107.417,56>1>72>20>71>73>21>40>74>55>22>66>38>3>24>54>53>23>28>77>33>34>70>64>65>8>80>32>78>2>76>67>79>11>25>39>57>52>100>27>26>68>0>75>49>50>19>29>69>30>87>6>81>47>61>9>31>89>62>63>10>18>48>35>46>45>7>44>16>83>4>59>82>17>51>88>5>95>98>92>84>60>15>85>37>42>14>41>13>43>90>99>97>36>91>58>93>12>94>96>86
eil101.tsp,56,Nearest Neighbour,1,3-OPT,51689,655.49,129.51,56>14>42>41>13>43>37>85>15>60>90>99>84>92>97>36>91>58>98>95>93>5>88>17>82>59>4>83>16>44>7>45>35>48>63>62>89>31>9>61>10>18>46>47>81>6>87>30>69>29>0>68>51>26>100>52>27>25>11>79>67>75>49>76>2>78>32>80>8>50>19>65>64>70>34>33>77>28>23>53>3>54>24>38>66>22>55>74>40>21>73>71>72>20>39>57>12>94>96>86>1
eil101.tsp,56,Nearest Neighbour,1,Node Shift,50.973,679.86,105.14,94>96>41>42>14>40>21>73>71>20>39>57>52>27>25>11>79>67>75>76>2>78>50>29>69>30>87>6>81>47>18>10>61>9>31>89>62>63>48>35>46>45>7>44>16>83>4>59>82>17>51>88>5>95>98>58>92>84>60>15>85>37>13>43>90>99>97>36>91>86>56>1>72>74>55>22>66>38>24>54>3>53>23>28>77>33>34>70>64>65>19>8>80>32>49>0>68>26>100>12>93
eil101.tsp,56,Nearest Insertion,38.403,None,0,741.163,0,56>14>42>41>86>96>91>36>99>90>97>84>13>43>37>85>15>60>16>83>82>44>7>45>35>48>46>18>47>81>6>61>10>63>62>89>31>9>19>29>69>87>30>51>17>59>4>92>58>98>95>94>5>88>93>12>57>100>26>27>52>11>75>68>0>49>76>2>32>80>50>8>65>64>70>34>33>77>78>28>23>67>79>53>25>39>20>71>73>55>3>54>24>38>66>22>74>21>40>72>1
eil101.tsp,56,Nearest Insertion,38.403,2-OPT,18.523,710.016,30.984,56>14>42>41>86>96>91>36>97>84>99>90>43>13>37>85>15>60>16>83>82>44>7>45>35>48>18>46>47>81>6>61>10>63>62>9>89>31>19>29>69>30>87>51>17>59>4>92>58>98>95>88>5>93>94>12>57>52>100>26>27>11>75>68>0>49>76>2>32>80>8>50>65>64>70>34>33>77>78>28>23>67>79>53>25>39>20>71>73>55>3>54>24>38>66>22>74>21>40>72>1
eil101.tsp,56,Nearest Insertion,38.403,3-OPT,73913.1,687.965,53.0355,56>14>42>41>86>96>91>36>97>84>99>90>43>13>37>85>15>60>16>83>82>44>7>45>35>48>63>10>18>46>47>81>6>61>9>62>89>31>19>29>69>0>68>30>87>51>17>59>4>92>58>98>95>88>5>93>94>12>57>52>100>26>27>11>75>49>32>80>8>50>65>64>70>34>33>77>78>2>76>67>79>28>23>53>25>39>20>71>73>55>3>54>24>38>66>22>74>21>40>72>1
eil101.tsp,56,Nearest Insertion,38.403,Node Shift,74.039,659.976,81.0237,56>14>42>41>86>96>94>91>36>97>99>90>43>13>37>85>15>60>83>16>44>7>45>46>35>48>63>10>18>47>81>6>87>61>9>62>89>31>29>69>30>51>88>17>82>59>4>84>92>58>98>95>5>93>12>57>52>100>27>26>68>0>49>75>76>2>78>32>80>8>50>19>65>64>70>34>33>77>28>23>67>79>11>25>39>20>3>53>54>24>38>66>22>55>74>40>21>73>71>72>1
eil101.tsp,56,Cheapest Insertion,60.586,None,0,716.007,0,56>14>42>41>86>96>91>58>36>97>99>90>13>43>37>85>15>60>84>92>4>83>16>44>7>45>35>48>46>18>47>61>9>10>63>62>89>31>65>19>29>69>30>87>51>6>81>82>17>59>98>95>94>93>5>88>12>57>52>100>26>27>68>0>49>75>76>2>78>32>80>50>8>70>64>34>77>33>28>23>24>54>3>53>67>79>11>25>39>20>71>73>55>38>66>22>74>21>40>72>1
eil101.tsp,56,Cheapest Insertion,60.586,2-OPT,39.042,692.402,23.5983,56>14>42>41>86>96>36>97>99>90>43>13>37>85>15>60>84>92>4>83>16>44>7>45>35>48>18>46>47>61>9>10>63>62>89>31>65>19>29>69>30>87>51>6>81>17>82>59>88>5>95>98>58>91>94>93>12>57>52>100>27>26>68>0>49>75>76>2>78>32>80>50>8>70>64>34>33>77>28>23>54>24>3>53>79>67>11>25>39>20>71>73>55>38>66>22>74>21>40>72>1
eil101.tsp,56,Cheapest Insertion,60.586,3-OPT,29531.8,683.315,32.6849,56>14>42>41>86>96>36>97>99>90>43>13>37>85>15>60>84>92>4>83>16>44>7>45>35>48>18>46>47>81>6>61>9>10>63>62>89>31>65>19>29>69>30>87>51>17>82>59>88>5>95>98>58>91>94>93>12>57>52>100>27>26>68>0>49>75>76>2>78>32>80>50>8>70>64>34>33>77>28>23>54>24>3>53>79>67>11>25>39>20>71>73>55>38>66>22>74>21>40>72>1
eil101.tsp,56,Cheapest Insertion,60.586,Node Shift,58.293,671.299,44.7009,56>14>42>41>86>96>91>36>97>99>90>43>13>37>85>15>60>84>92>4>83>16>44>45>46>35>48>63>18>10>62>89>31>65>19>29>69>30>9>61>87>6>47>81>7>82>59>17>51>88>5>95>98>58>94>93>12>57>52>100>27>26>68>0>49>75>76>2>78>32>80>50>8>70>64>34>33>77>28>23>54>24>3>53>79>67>11>25>39>20>71>74>55>38>66>22>40>21>73>72>1
kroA100.tsp,30,Nearest Neighbour,1,None,0,27492.1,0,30>79>41>88>7>91>0>62>5>48>89>9>83>71>20>73>58>16>14>10>31>90>97>22>44>46>92>27>66>57>60>24>80>68>72>49>43>1>53>39>63>67>84>38>29>95>77>51>4>36>32>75>12>94>81>47>99>70>40>13>2>45>28>33>82>54>11>26>85>34>19>56>6>8>86>50>76>59>61>42>74>18>52>78>17>23>37>35>98>93>21>15>87>69>65>64>3>96>55>25
kroA100.tsp,30,Nearest Neighbour,1,2-OPT,52.042,22517.8,4974.19,30>79>55>96>3>64>25>65>69>21>15>87>93>98>35>37>23>17>78>52>18>74>62>5>48>89>9>83>71>20>73>58>16>14>10>31>44>90>97>22>59>61>76>50>86>56>8>6>19>85>34>26>11>54>82>33>28>45>42>2>13>70>40>99>47>51>77>4>36>32>75>12>94>81>95>29>38>84>67>49>43>1>53>39>63>72>68>80>24>60>57>66>27>92>46>0>91>7>41>88
kroA100.tsp,30,Nearest Neighbour,1,3-OPT,32886,23209.3,4282.74,30>79>41>88>53>39>63>1>43>49>72>68>80>24>60>50>86>56>6>8>84>67>81>94>12>75>32>36>4>51>77>95>38>29>47>99>40>70>13>2>42>45>28>33>82>54>11>26>34>85>19>61>59>76>57>66>27>92>46>90>97>22>44>31>10>14>16>58>73>20>71>83>9>89>48>5>62>0>91>7>74>18>52>78>17>23>37>35>98>93>87>15>21>69>65>25>64>3>96>55
kroA100.tsp,30,Nearest Neighbour,1,Node Shift,82.626,24502,2990.03,79>30>88>41>7>0>62>5>48>89>9>83>71>20>73>58>16>14>10>31>44>22>97>90>46>92>27>57>60>24>80>72>49>43>1>53>39>63>68>67>84>95>77>51>4>36>32>75>12>94>81>38>29>47>99>40>70>13>28>82>54>6>56>19>76>59>61>34>85>26>11>42>2>45>33>8>86>50>66>91>74>18>52>78>17>23>37>35>98>93>87>15>21>69>65>25>64>3>96>55
kroA100.tsp,30,Nearest Insertion,39,None,0,25306.8,0,30>88>41>7>0>62>5>48>91>74>18>89>78>9>83>71>20>73>10>31>46>90>97>22>76>92>27>66>57>60>68>72>63>39>53>1>43>49>38>81>94>12>75>32>36>4>95>77>51>29>84>67>80>24>50>86>56>8>6>33>28>13>47>99>70>40>2>42>45>82>54>19>11>26>85>34>61>59>44>14>16>58>35>98>37>23>17>93>87>21>69>15>52>65>25>64>3>96>55>79
kroA100.tsp,30,Nearest Insertion,39,2-OPT,24,23682.1,1623.93,30>88>41>7>0>62>5>48>91>74>18>78>89>9>83>71>20>73>10>31>46>92>27>66>57>60>68>63>39>53>1>43>81>94>12>75>32>36>4>51>77>95>29>38>84>67>49>72>80>24>50>86>56>8>6>33>28>13>47>99>70>40>2>42>45>82>54>11>19>26>85>34>61>59>76>22>97>90>44>14>16>58>35>98>37>23>17>93>21>69>15>87>52>65>25>64>3>96>55>79
kroA100.tsp,30,Nearest Insertion,39,3-OPT,34080.2,23564.6,1741.43,30>88>41>7>0>62>5>48>91>74>18>89>78>83>9>71>20>73>10>31>46>92>27>66>57>60>68>63>39>53>1>43>72>49>81>94>12>75>32>36>4>51>77>95>29>38>84>67>80>24>50>86>56>8>6>33>28>13>47>99>70>40>2>42>45>82>54>11>19>26>85>34>61>59>76>22>97>90>44>14>16>58>35>98>37>23>17>93>21>69>15>87>52>65>25>64>3>96>55>79
kroA100.tsp,30,Nearest Insertion,39,Node Shift,54.277,22759.6,2546.41,30>88>41>7>91>0>62>5>48>74>18>89>9>83>71>20>73>10>31>46>92>27>66>57>68>63>39>53>1>43>72>49>81>94>12>75>32>36>4>51>77>95>29>38>84>67>80>24>60>50>86>56>8>6>33>28>13>47>99>70>40>2>42>45>82>54>11>19>26>85>34>61>59>76>22>97>90>44>14>16>58>35>98>37>23>17>78>52>87>15>93>21>69>65>25>64>3>96>55>79
kroA100.tsp,30,Cheapest Insertion,58.461,None,0,24306.7,0,30>88>41>7>91>0>66>57>27>92>76>60>68>39>53>63>1>72>43>49>81>94>12>75>32>38>36>4>95>77>51>47>99>40>70>13>2>42>45>28>29>84>67>80>24>50>86>56>8>6>33>82>54>19>11>26>85>34>61>59>22>97>90>44>31>14>16>10>46>62>5>48>89>74>18>52>78>9>83>71>20>73>58>35>98>37>23>17>87>15>93>21>69>65>25>64>3>96>55>79
kroA100.tsp,30,Cheapest Insertion,58.461,2-OPT,16.283,23088.7,1217.3,30>88>41>7>91>0>92>27>66>57>76>60>68>63>39>53>1>43>72>49>81>94>12>75>32>36>4>38>95>77>51>47>99>40>70>13>2>42>45>28>29>84>67>80>24>50>86>56>8>6>33>82>54>11>19>26>85>34>61>59>22>97>90>44>31>14>16>10>46>62>5>48>89>74>18>52>78>83>9>71>20>73>58>35>98>37>23>17>93>87>15>21>69>65>25>64>3>96>55>79
kroA100.tsp,30,Cheapest Insertion,58.461,3-OPT,17387.1,23088.7,1217.3,30>88>41>7>91>0>92>27>66>57>76>60>68>63>39>53>1>43>72>49>81>94>12>75>32>36>4>38>95>77>51>47>99>40>70>13>2>42>45>28>29>84>67>80>24>50>86>56>8>6>33>82>54>11>19>26>85>34>61>59>22>97>90>44>31>14>16>10>46>62>5>48>89>74>18>52>78>83>9>71>20>73>58>35>98>37>23>17>93>87>15>21>69>65>25>64>3>96>55>79
kroA100.tsp,30,Cheapest Insertion,58.461,Node Shift,31.574,22054.4,2251.64,30>88>41>7>91>0>92>27>66>57>68>63>39>53>1>43>72>49>81>94>12>75>32>36>4>95>77>51>47>99>40>70>13>2>42>45>28>29>38>84>67>80>24>60>50>86>8>33>82>54>6>56>19>11>26>85>34>61>59>76>22>97>90>44>14>16>10>31>46>62>5>48>74>18>89>9>83>71>20>73>58>35>98>37>23>17>78>52>87>15>93>21>69>65>25>64>3>96>55>79
kroB100.tsp,4,Nearest Neighbour,1.012,None,0,28475.9,0,4>66>39>38>69>52>72>84>92>10>2>27>90>96>98>7>28>31>58>75>97>11>70>26>60>34>93>56>33>6>83>57>51>53>42>88>86>59>73>65>3>82>5>14>32>81>63>13>41>1>12>77>16>44>35>95>91>18>43>40>17>23>76>15>49>54>21>22>87>36>71>64>78>80>46>55>99>25>68>61>74>29>79>19>37>85>48>67>9>20>89>0>94>45>24>8>62>30>47>50
kroB100.tsp,4,Nearest Neighbour,1.012,2-OPT,73.447,22776.2,5698.8,4>66>39>38>69>52>72>84>92>10>2>27>90>96>98>7>75>58>28>31>97>94>0>20>89>11>70>45>24>8>26>60>34>93>56>33>6>83>57>53>51>42>88>86>59>73>65>3>82>5>32>14>50>47>30>62>81>63>13>41>1>12>77>16>40>43>18>91>95>35>44>17>23>76>15>49>54>21>22>87>71>36>64>46>78>80>55>99>25>61>68>74>29>79>19>37>48>85>67>9
kroB100.tsp,4,Nearest Neighbour,1.012,3-OPT,29853.5,22776.2,5698.8,4>66>39>38>69>52>72>84>92>10>2>27>90>96>98>7>75>58>28>31>97>94>0>20>89>11>70>45>24>8>26>60>34>93>56>33>6>83>57>53>51>42>88>86>59>73>65>3>82>5>32>14>50>47>30>62>81>63>13>41>1>12>77>16>40>43>18>91>95>35>44>17>23>76>15>49>54>21>22>87>71>36>64>46>78>80>55>99>25>61>68>74>29>79>19>37>48>85>67>9
kroB100.tsp,4,Nearest Neighbour,1.012,Node Shift,94.379,25166.4,3308.62,4>66>39>38>69>52>72>84>92>10>2>27>90>96>98>7>28>75>58>31>97>11>70>34>60>33>6>83>57>73>65>3>5>13>41>1>12>77>44>35>95>91>18>43>40>16>17>23>76>15>49>54>21>22>87>46>80>55>99>25>68>74>29>79>19>37>48>85>67>9>20>94>0>89>45>24>8>26>93>56>59>86>63>81>62>30>47>50>14>32>82>88>42>51>53>71>36>64>78>61
kroB100.tsp,4,Nearest Insertion,43.062,None,0,27412.2,0,4>61>55>99>25>80>78>46>64>36>71>74>79>19>37>85>48>9>67>29>68>39>38>52>84>2>28>7>98>94>0>20>89>97>11>34>60>93>56>6>83>59>73>65>86>88>49>13>63>32>82>3>5>14>81>41>1>47>50>30>62>12>77>16>40>43>91>18>95>35>44>15>76>17>23>54>21>22>87>42>51>53>57>33>24>45>8>26>70>31>58>75>96>90>27>10>92>72>69>66
kroB100.tsp,4,Nearest Insertion,43.062,2-OPT,29.983,25318,2094.03,4>61>25>99>55>80>78>46>64>36>71>79>19>37>85>9>67>48>29>74>68>39>38>52>84>2>7>98>28>94>0>89>20>45>24>8>33>6>83>57>42>51>53>87>22>21>54>23>17>76>15>44>35>95>91>18>43>40>16>77>12>62>30>50>47>1>41>81>32>14>5>3>82>63>13>49>88>86>65>73>59>56>93>34>60>26>70>11>97>31>58>75>96>90>27>10>92>72>69>66
kroB100.tsp,4,Nearest Insertion,43.062,3-OPT,73727.1,23499.1,3912.85,4>61>25>99>55>80>78>46>64>36>71>37>19>79>29>74>68>48>85>67>9>2>94>0>89>20>45>24>8>33>6>83>57>42>51>53>87>22>21>54>23>17>44>35>95>91>18>43>40>16>77>12>62>30>47>50>14>5>3>82>13>63>32>81>41>1>15>76>49>88>86>65>73>59>56>93>34>60>26>70>11>97>31>58>75>28>7>98>96>90>27>10>92>84>72>52>69>38>39>66
kroB100.tsp,4,Nearest Insertion,43.062,Node Shift,62.574,24322.7,3089.32,4>61>25>99>55>80>78>46>64>36>71>79>19>37>85>48>29>74>68>67>9>2>7>98>28>94>0>20>89>70>26>60>34>93>56>59>73>65>86>88>13>63>82>3>5>14>32>81>41>15>1>47>50>30>62>12>77>16>40>43>18>91>95>35>44>17>23>76>54>21>22>87>49>42>51>53>57>83>6>33>8>24>45>11>97>31>58>75>96>90>27>10>92>84>72>52>69>38>39>66
kroB100.tsp,4,Cheapest Insertion,69.273,None,0,25252.1,0,4>61>55>99>25>68>74>29>79>19>37>48>85>89>0>45>24>8>33>57>71>36>64>78>80>46>22>21>87>53>51>42>88>86>82>13>63>41>1>15>49>54>76>23>17>95>18>43>91>44>35>40>16>77>12>62>30>47>50>81>32>14>5>3>65>59>73>83>6>56>93>34>60>26>70>11>97>31>58>75>96>90>27>92>10>72>84>2>98>7>28>94>20>67>9>39>38>52>69>66
kroB100.tsp,4,Cheapest Insertion,69.273,2-OPT,18.354,24207.8,1044.24,4>61>55>99>25>68>74>29>79>19>37>48>85>45>24>8>33>71>36>64>78>80>46>22>21>87>53>51>42>88>86>82>63>13>41>1>15>49>54>76>23>17>95>18>43>91>35>44>40>16>77>12>62>30>47>50>81>32>14>5>3>65>73>59>57>83>6>56>93>34>60>26>70>11>97>31>58>75>96>90>27>10>92>72>84>2>7>98>28>94>0>89>20>9>67>39>38>52>69>66
kroB100.tsp,4,Cheapest Insertion,69.273,3-OPT,67936.1,23905,1346.99,4>61>55>99>25>68>74>29>79>19>37>48>85>45>24>8>33>71>36>64>78>80>46>22>21>87>53>51>42>88>86>82>63>13>41>1>15>49>54>76>23>17>95>91>18>43>40>35>44>16>77>12>62>30>47>50>81>32>14>5>3>65>73>59>57>83>6>56>93>34>60>26>70>11>97>31>58>75>28>7>98>96>90>27>10>92>72>84>2>94>0>89>20>9>67>39>38>52>69>66
kroB100.tsp,4,Cheapest Insertion,69.273,Node Shift,26.005,24201.9,1050.05,4>61>55>99>25>68>74>29>79>19>37>48>85>45>24>8>33>71>36>64>78>80>46>22>21>87>53>51>42>88>13>63>41>1>15>49>54>76>23>17>95>18>43>91>35>44>40>16>77>12>62>30>47>50>81>32>14>5>3>82>86>65>73>59>57>83>6>56>93>34>60>26>70>11>97>31>58>75>96>90>27>10>92>72>84>2>7>98>28>94>0>89>20>9>67>39>38>52>69>66
kroC100.tsp,66,Nearest Neighbour,1,None,0,24339.5,0,66>30>46>54>41>63>19>78>12>14>26>84>0>52>39>11>45>28>17>48>92>3>59>13>35>56>73>99>32>44>80>96>9>91>98>18>65>43>62>15>50>36>60>25>77>8>81>6>31>23>47>83>10>51>95>86>68>2>72>58>40>88>20>22>34>1>67>29>76>79>64>5>53>74>21>7>16>24>89>33>57>97>87>27>38>37>70>55>4>42>85>49>71>82>61>94>93>90>69>75
kroC100.tsp,66,Nearest Neighbour,1,2-OPT,41.391,21680.6,2658.42,66>54>41>19>63>78>12>14>26>84>0>52>39>11>45>23>31>6>81>77>8>25>60>28>17>48>92>3>59>13>9>91>98>18>36>15>50>62>43>65>47>83>10>51>86>95>96>80>44>32>99>35>56>73>68>2>72>58>40>88>20>69>75>90>93>94>49>61>82>71>85>4>42>55>70>37>38>27>87>97>57>33>89>24>16>7>21>74>53>1>34>22>67>29>76>79>64>5>46>30
kroC100.tsp,66,Nearest Neighbour,1,3-OPT,22589.7,21680.6,2658.42,66>54>41>19>63>78>12>14>26>84>0>52>39>11>45>23>31>6>81>77>8>25>60>28>17>48>92>3>59>13>9>91>98>18>36>15>50>62>43>65>47>83>10>51>86>95>96>80>44>32>99>35>56>73>68>2>72>58>40>88>20>69>75>90>93>94>49>61>82>71>85>4>42>55>70>37>38>27>87>97>57>33>89>24>16>7>21>74>53>1>34>22>67>29>76>79>64>5>46>30
kroC100.tsp,66,Nearest Neighbour,1,Node Shift,43.589,22124.9,2214.15,46>30>66>54>41>19>63>78>12>14>26>84>0>52>39>11>92>3>59>13>56>35>9>91>98>18>65>62>50>8>77>81>6>25>60>31>23>45>48>17>28>36>15>43>47>83>10>51>86>95>96>80>44>32>99>73>68>2>72>58>40>88>20>67>29>76>79>64>5>53>74>21>7>16>24>89>33>57>97>87>27>38>37>70>55>42>4>85>71>82>61>49>94>93>90>75>69>22>34>1
kroC100.tsp,66,Nearest Insertion,37.999,None,0,26275.7,0,66>12>26>11>59>3>13>68>73>99>32>80>96>44>56>35>98>9>91>18>92>48>17>36>65>47>95>86>10>51>83>43>62>50>15>8>81>77>6>25>31>23>60>28>45>39>84>52>0>14>78>63>19>54>41>46>30>5>74>7>16>24>33>57>87>27>37>55>42>4>85>93>75>69>22>20>88>72>2>58>40>29>67>34>1>90>94>49>61>82>71>70>38>97>89>21>53>79>76>64
kroC100.tsp,66,Nearest Insertion,37.999,2-OPT,58.992,23255.2,3019.78,66>54>41>19>63>78>14>84>0>52>39>11>45>28>60>23>31>25>6>81>77>8>15>50>62>43>83>10>51>86>95>47>65>36>17>48>92>98>18>91>9>35>56>44>96>80>32>99>73>68>13>3>59>26>12>64>79>76>67>29>40>58>2>72>88>20>22>34>1>61>82>71>49>94>90>69>75>93>85>4>42>55>70>37>38>27>87>97>57>33>89>24>16>7>21>74>53>5>46>30
kroC100.tsp,66,Nearest Insertion,37.999,3-OPT,37324.3,23530.2,2744.79,66>54>41>19>63>78>14>84>0>52>39>11>45>28>60>23>31>25>6>81>77>8>15>50>62>43>83>10>51>86>95>47>65>36>17>48>92>98>18>91>9>44>96>80>32>99>35>56>73>68>13>3>59>26>12>64>76>79>53>61>82>71>49>94>90>22>34>1>67>29>40>58>2>72>88>20>69>75>93>85>4>42>55>70>37>38>27>87>97>57>33>89>24>16>7>21>74>5>46>30
kroC100.tsp,66,Nearest Insertion,37.999,Node Shift,65.008,23336.9,2938.13,12>26>3>59>68>73>99>32>80>96>44>35>56>13>9>91>18>98>92>48>17>65>47>95>86>51>10>83>43>62>50>15>8>77>81>6>25>31>23>60>36>28>45>11>39>52>0>84>14>78>63>19>41>54>66>30>46>74>21>7>16>24>89>33>57>97>87>27>38>37>70>55>42>4>85>94>93>90>75>69>20>88>72>2>58>40>29>67>1>34>22>49>71>82>61>53>5>79>76>64
kroC100.tsp,66,Cheapest Insertion,57.888,None,0,25419.8,0,66>5>74>7>21>53>1>34>22>90>49>61>82>71>38>97>16>24>89>33>57>87>27>37>70>55>42>4>85>94>93>75>69>20>88>72>2>58>40>67>29>79>76>64>12>26>39>11>59>3>13>68>73>99>32>80>96>44>56>35>98>9>91>18>92>48>17>36>15>62>65>47>95>86>10>51>83>43>50>8>81>77>6>25>31>23>60>28>45>52>0>84>14>78>63>19>54>41>46>30
kroC100.tsp,66,Cheapest Insertion,57.888,2-OPT,22,24419.4,999.581,66>78>14>84>0>52>45>28>60>23>31>25>6>81>77>8>50>43>83>10>51>86>95>47>65>62>15>36>17>48>92>98>18>91>9>44>96>80>32>99>73>56>35>13>68>59>3>11>39>26>12>64>79>76>67>29>40>58>2>72>88>20>69>75>93>94>85>4>42>55>70>37>27>87>57>33>89>24>16>97>38>71>82>61>49>90>22>34>1>53>5>74>21>7>41>19>63>54>46>30
kroC100.tsp,66,Cheapest Insertion,57.888,3-OPT,18516.2,24286.6,1132.43,66>54>41>19>63>78>14>84>0>52>45>28>60>23>31>25>6>81>77>8>50>43>83>10>51>86>95>47>65>62>15>36>17>48>92>98>18>91>9>44>96>80>32>99>73>56>35>13>68>59>3>11>39>26>12>64>79>76>67>29>40>58>2>72>88>20>69>75>93>94>85>4>42>55>70>37>27>87>57>33>89>24>16>97>38>71>82>61>49>90>22>34>1>53>5>74>21>7>46>30
kroC100.tsp,66,Cheapest Insertion,57.888,Node Shift,45.991,23239.5,2179.46,5>53>1>34>67>22>49>71>82>61>74>21>7>16>24>89>33>57>97>87>27>38>37>70>55>42>4>85>94>93>90>75>69>20>88>72>2>58>40>29>76>79>64>12>26>39>11>3>59>68>73>99>32>80>96>44>35>56>13>9>91>18>98>92>48>17>65>47>95>86>51>10>83>43>62>50>15>8>77>81>6>25>31>23>60>36>28>45>52>0>84>14>78>63>19>41>54>66>30>46
kroD100.tsp,24,Nearest Neighbour,1.005,None,0,28169.6,0,24>19>8>9>25>86>54>91>18>36>50>99>1>47>29>34>61>52>59>43>3>92>70>42>76>53>90>62>15>95>85>64>13>67>32>44>98>30>77>79>75>71>56>6>73>60>45>51>7>65>37>33>80>49>0>26>23>87>78>12>40>83>14>72>38>63>58>84>17>5>39>82>2>4>81>46>20>55>94>27>11>68>22>41>21>57>28>35>66>74>88>89>16>93>31>96>97>48>69>10
kroD100.tsp,24,Nearest Neighbour,1.005,2-OPT,46.058,22381.8,5787.15,24>19>8>54>86>25>9>20>94>55>27>11>46>81>84>58>63>42>76>53>90>14>62>15>95>85>64>13>67>32>44>98>77>30>56>71>75>79>68>51>45>60>73>6>74>66>35>28>57>21>69>48>97>96>31>93>16>89>10>88>41>22>7>65>37>80>33>49>0>12>78>87>26>23>40>83>72>38>70>3>92>43>59>52>61>34>29>99>50>36>18>1>47>91>4>2>82>39>5>17
kroD100.tsp,24,Nearest Neighbour,1.005,3-OPT,41852.4,22323.7,5845.28,24>19>17>84>63>58>5>39>82>2>4>91>47>1>18>36>50>99>29>34>61>52>59>43>92>3>70>42>76>90>53>62>15>95>85>64>77>79>75>68>14>38>72>83>40>23>26>87>78>12>0>49>33>80>37>65>7>51>45>60>73>22>41>88>10>89>16>93>31>96>97>48>69>21>57>28>35>66>74>6>71>56>30>98>44>32>67>13>81>46>11>27>20>55>94>9>25>86>54>8
kroD100.tsp,24,Nearest Neighbour,1.005,Node Shift,90.179,25886.8,2282.17,8>54>25>86>91>47>1>18>36>50>99>29>34>61>59>43>3>42>76>15>85>64>13>67>32>44>98>30>77>79>75>56>71>6>73>60>65>37>49>0>26>23>87>12>78>40>72>38>70>92>52>4>2>82>39>17>24>19>9>94>55>20>27>11>46>81>95>68>45>51>7>22>41>21>57>28>35>74>66>89>16>93>31>96>97>48>69>88>10>33>80>83>14>62>53>90>63>84>58>5
kroD100.tsp,24,Nearest Insertion,38.342,None,0,25859.9,0,24>46>11>27>55>94>20>9>25>86>54>8>19>5>82>2>39>58>63>42>43>61>34>50>29>99>1>47>91>18>36>4>52>59>92>3>70>72>38>40>78>12>0>49>33>37>65>60>73>6>74>66>35>28>57>21>41>22>88>69>48>97>89>16>96>31>93>10>7>45>51>80>87>23>26>83>68>14>90>53>62>15>76>95>85>64>77>30>79>75>71>56>98>44>32>67>13>81>84>17
kroD100.tsp,24,Nearest Insertion,38.342,2-OPT,28.519,23529.8,2329.17,24>19>8>54>86>25>9>20>94>55>27>11>46>81>13>67>32>44>98>56>71>75>79>30>77>64>85>95>15>62>76>53>90>14>68>83>80>37>65>7>51>45>60>73>6>74>66>35>28>57>21>41>22>88>69>48>97>96>31>93>16>89>10>33>49>0>12>78>87>26>23>40>72>38>70>3>92>59>61>34>50>29>99>1>47>91>18>36>4>52>43>42>63>58>39>2>82>5>84>17
kroD100.tsp,24,Nearest Insertion,38.342,3-OPT,63809.9,23167.9,2691.13,24>19>8>54>86>25>9>20>94>55>27>11>46>81>13>67>32>44>98>77>30>56>71>75>79>64>85>95>15>62>53>90>14>68>83>80>37>65>7>51>45>60>73>6>74>66>35>28>57>21>41>22>88>69>48>97>96>31>93>16>89>10>33>49>0>12>78>87>26>23>40>72>38>70>3>92>59>61>34>36>18>50>29>99>1>47>91>4>52>43>42>76>63>58>39>2>82>5>84>17
kroD100.tsp,24,Nearest Insertion,38.342,Node Shift,70.218,23237.2,2621.79,46>11>27>20>55>94>25>86>54>8>9>19>24>17>5>39>82>2>58>84>63>76>42>3>43>59>34>29>99>1>47>91>18>50>36>61>4>52>92>70>38>72>40>87>78>12>0>49>37>65>7>51>45>60>73>6>74>66>35>28>57>21>41>22>10>88>69>48>97>89>16>96>31>93>33>80>26>23>83>68>14>90>53>62>15>95>85>64>77>79>75>71>56>30>98>44>32>67>13>81
kroD100.tsp,24,Cheapest Insertion,58.57,None,0,25415.7,0,24>5>82>2>39>58>63>43>61>36>50>34>29>99>1>47>18>91>4>52>59>92>3>70>72>38>42>76>90>53>14>40>78>12>0>49>33>37>65>10>93>31>96>16>89>88>97>48>69>21>57>28>35>74>66>6>60>73>41>22>7>45>51>80>87>23>26>83>68>62>15>95>85>64>79>75>71>56>77>30>98>44>32>67>13>84>17>81>46>11>27>55>94>20>9>25>86>54>8>19
kroD100.tsp,24,Cheapest Insertion,58.57,2-OPT,31.258,23989.9,1425.08,24>5>82>2>39>58>63>76>42>43>52>4>18>91>47>1>99>29>34>50>36>61>59>92>3>70>72>38>90>53>14>40>87>78>12>0>49>22>41>88>10>89>16>93>31>96>97>48>69>21>57>28>35>66>74>6>73>60>45>51>7>65>37>33>80>26>23>83>68>62>15>95>85>64>79>75>71>56>30>77>98>44>32>67>13>84>17>81>46>11>27>55>94>20>9>25>86>54>8>19
kroD100.tsp,24,Cheapest Insertion,58.57,3-OPT,38889.7,23339.8,2075.19,24>17>84>5>82>2>39>58>63>76>42>43>52>4>18>91>47>1>99>29>34>50>36>61>59>92>3>70>38>72>40>87>78>12>0>49>22>41>88>10>89>16>93>31>96>97>48>69>21>57>28>35>66>74>6>73>60>45>51>7>65>37>33>80>26>23>83>68>14>90>53>62>15>95>85>64>79>75>71>56>30>77>98>44>32>67>13>81>46>11>27>55>94>20>9>25>86>54>8>19
kroD100.tsp,24,Cheapest Insertion,58.57,Node Shift,46.551,23693.9,1721.1,24>17>5>82>39>58>84>63>2>4>61>36>18>50>34>29>99>1>47>91>52>59>43>92>3>70>72>38>42>76>53>90>14>83>40>87>78>12>0>49>93>31>96>16>89>10>88>97>48>69>21>57>28>35>66>74>6>60>73>41>22>45>51>7>65>37>33>80>26>23>68>62>15>95>85>64>77>79>75>71>56>30>98>44>32>67>13>81>46>11>27>20>55>94>25>86>54>8>9>19
kroE100.tsp,97,Nearest Neighbour,0.537,None,0,29393.1,0,97>58>35>94>63>22>55>14>19>48>61>62>57>31>11>75>6>20>73>0>82>46>2>45>25>78>15>72>60>70>88>80>43>13>51>71>67>37>32>47>89>41>4>7>64>96>79>56>9>59>49>16>83>98>44>53>24>39>34>87>50>68>27>30>65>29>92>90>54>5>33>36>84>95>76>69>3>1>10>81>91>26>66>40>74>86>8>12>38>42>85>18>93>17>23>28>99>77>52>21
kroE100.tsp,97,Nearest Neighbour,0.537,2-OPT,52.848,24323.2,5069.76,97>58>35>27>94>63>22>14>19>55>48>61>62>57>31>11>87>34>39>24>53>44>98>16>83>49>59>9>79>56>96>7>64>30>65>8>12>74>40>86>66>26>91>81>3>1>10>95>84>76>69>36>33>52>77>99>28>23>17>93>18>85>42>90>54>5>92>29>38>21>89>41>4>47>32>37>67>71>43>51>13>60>70>88>80>78>25>45>2>46>15>72>82>0>68>50>20>73>6>75
kroE100.tsp,97,Nearest Neighbour,0.537,3-OPT,68246.2,23143.8,6249.2,97>58>35>27>94>63>22>14>19>55>48>61>62>57>31>11>75>87>34>39>24>53>44>98>16>83>49>59>9>79>56>96>7>64>30>65>8>12>74>40>86>66>26>91>81>3>1>10>95>84>76>69>36>33>52>77>99>28>23>17>93>18>42>85>21>38>90>54>5>92>29>89>41>4>47>32>37>67>71>43>51>13>60>70>88>80>15>72>78>25>45>2>46>82>0>73>6>20>68>50
kroE100.tsp,97,Nearest Neighbour,0.537,Node Shift,79.493,25838.3,3554.72,19>14>63>57>31>11>75>6>73>0>82>46>2>45>25>78>15>72>60>70>80>88>13>51>43>71>67>37>32>89>41>4>64>79>9>59>49>39>34>87>62>20>68>50>97>58>94>35>27>22>48>96>56>8>30>65>29>90>54>5>33>36>69>76>84>95>10>1>3>91>81>66>26>86>40>74>12>92>42>85>18>93>17>23>28>99>77>52>38>21>47>7>24>53>44>98>16>83>61>55
kroE100.tsp,97,Nearest Insertion,38,None,0,27219,0,97>50>68>31>20>73>0>2>45>46>25>78>15>70>80>88>60>71>43>13>51>72>82>6>75>11>87>39>44>24>96>64>7>4>41>47>67>37>32>21>85>17>23>28>99>93>18>42>38>89>29>90>54>33>52>77>36>76>84>95>10>1>3>81>66>26>86>40>74>12>91>69>5>92>65>30>8>56>79>9>59>49>53>98>16>83>34>62>57>63>61>55>48>19>14>22>27>94>35>58
kroE100.tsp,97,Nearest Insertion,38,2-OPT,29.724,24500.4,2717.64,97>50>68>46>2>45>25>78>15>60>70>80>88>71>43>51>13>72>82>0>73>20>6>75>11>31>57>63>62>87>34>39>98>44>53>24>96>64>7>4>41>47>67>37>32>21>85>17>23>28>99>93>18>42>38>90>54>33>52>77>36>76>84>95>10>1>3>81>66>26>86>40>74>12>91>69>5>92>89>29>65>30>8>56>79>9>59>49>16>83>48>61>55>19>14>22>27>35>94>58
kroE100.tsp,97,Nearest Insertion,38,3-OPT,43998.5,24321.5,2896.54,97>50>68>46>2>45>25>78>15>60>70>80>88>71>43>51>13>72>82>0>73>20>6>75>11>31>57>63>62>87>34>39>83>16>98>44>53>24>96>64>7>4>41>29>89>47>67>37>32>21>85>17>23>28>99>93>18>42>38>90>54>33>52>77>36>76>84>95>10>1>3>81>66>26>86>40>74>12>91>69>5>92>65>30>8>56>79>9>59>49>48>61>55>19>14>22>27>35>94>58
kroE100.tsp,97,Nearest Insertion,38,Node Shift,74.798,23700.3,3517.67,97>50>68>46>2>45>25>78>80>88>70>60>71>43>51>13>15>72>82>0>73>20>6>75>11>31>57>62>87>34>39>98>44>53>24>96>64>7>4>41>89>47>67>37>32>21>85>18>93>17>23>28>99>42>38>90>54>33>52>77>36>76>84>95>10>1>3>91>81>66>26>86>40>74>12>69>5>92>29>65>30>8>56>79>9>59>49>16>83>48>61>55>19>14>22>63>27>35>94>58
kroE100.tsp,97,Cheapest Insertion,58.427,None,0,25965.5,0,97>50>68>31>20>73>0>46>2>45>25>78>80>88>70>60>71>43>51>13>15>72>82>6>75>11>62>57>63>61>87>34>39>44>24>96>64>7>4>41>47>89>29>32>67>37>21>38>85>17>23>28>99>93>18>42>90>54>33>52>77>36>76>84>95>10>1>3>81>66>26>86>40>74>91>69>5>92>12>65>30>8>56>79>9>59>49>53>98>83>16>48>55>19>14>22>27>94>35>58
kroE100.tsp,97,Cheapest Insertion,58.427,2-OPT,33.137,23262.7,2702.27,97>50>68>46>2>45>25>78>80>88>70>60>71>43>51>13>15>72>82>0>73>20>6>75>11>31>62>57>63>61>87>34>39>98>44>53>24>96>64>7>4>41>29>89>47>67>37>32>21>38>42>85>18>93>17>23>28>99>77>52>76>84>95>10>1>3>81>66>26>86>40>74>91>69>5>36>33>54>90>92>12>65>30>8>56>79>9>59>49>16>83>48>55>19>14>22>27>35>94>58
kroE100.tsp,97,Cheapest Insertion,58.427,3-OPT,65273.6,22871.6,3093.35,97>50>68>46>2>45>25>78>80>88>71>43>51>13>60>70>15>72>82>0>73>20>6>75>11>31>62>57>63>61>87>34>39>83>16>98>44>53>24>96>64>7>4>41>29>89>47>67>37>32>21>38>42>85>18>93>17>23>28>99>77>52>33>36>76>84>95>10>1>3>81>66>26>86>40>74>91>69>5>54>90>92>65>12>8>30>56>79>9>59>49>48>55>19>14>22>27>35>94>58
kroE100.tsp,97,Cheapest Insertion,58.427,Node Shift,57.633,23125.6,2839.36,97>50>68>46>2>45>25>78>80>88>70>60>71>43>51>13>15>72>82>0>73>20>6>75>11>31>57>63>61>62>87>34>39>98>44>53>24>96>64>7>4>41>89>47>67>37>32>21>85>18>93>17>23>28>99>42>38>90>54>5>69>36>33>52>77>76>84>95>10>1>3>91>81>66>26>86>40>74>12>92>29>65>30>8>56>79>9>59>49>16>83>48>55>19>14>22>27>35>94>58
lin105.tsp,84,Nearest Neighbour,1,None,0,17226.8,0,84>82>81>77>70>67>66>71>76>78>83>85>79>75>72>68>73>74>80>69>62>61>104>55>54>49>47>44>39>48>58>56>53>50>46>43>40>42>45>51>52>57>41>36>35>25>24>17>15>16>18>23>26>27>22>19>102>20>21>28>29>30>31>32>103>14>10>9>6>5>1>0>2>7>8>11>13>12>4>3>33>34>37>38>59>60>64>65>86>87>93>94>99>98>97>92>91>90>95>96>100>101>88>89>63
lin105.tsp,84,Nearest Neighbour,1,2-OPT,48.591,15089.4,2136.61,84>82>81>77>70>67>66>63>62>61>104>58>55>54>49>48>39>44>47>43>46>50>53>56>57>52>51>45>42>40>41>36>35>103>32>31>30>29>28>21>20>102>14>10>9>6>5>1>0>2>7>8>11>19>22>27>18>23>26>25>24>17>15>16>4>3>12>13>33>34>37>38>59>60>64>65>86>87>93>94>99>98>97>101>100>96>95>91>90>92>88>89>80>74>73>69>68>72>75>79>85>78>76>71>83
lin105.tsp,84,Nearest Neighbour,1,3-OPT,44292.2,14907.3,2318.7,84>82>81>77>70>67>66>63>62>61>104>58>55>54>49>48>39>44>47>43>46>50>53>56>57>52>51>45>42>40>41>36>35>103>32>31>30>29>28>21>20>102>14>10>9>6>5>1>0>2>11>19>22>27>18>23>26>25>24>17>15>16>7>8>4>3>12>13>33>34>37>38>59>60>64>65>86>87>93>94>99>98>97>101>100>96>95>91>90>92>88>89>80>74>73>69>68>72>75>79>85>78>76>71>83
lin105.tsp,84,Nearest Neighbour,1,Node Shift,61.266,15689.5,1536.47,83>84>82>81>77>70>67>66>63>72>75>79>68>73>74>80>69>62>61>104>58>55>54>49>47>44>103>39>48>56>53>50>46>43>40>42>45>51>52>57>41>36>35>25>24>26>23>18>11>102>20>21>28>29>30>31>32>27>22>19>14>10>9>6>5>1>0>2>7>8>15>17>16>4>3>12>13>33>34>37>38>59>60>64>65>86>87>93>94>99>98>97>92>90>91>95>96>100>101>89>88>85>78>76>71
lin105.tsp,84,Nearest Insertion,44.409,None,0,18591.8,0,84>83>81>77>70>66>67>58>55>54>49>47>44>56>53>50>46>43>57>52>51>45>42>41>40>36>26>23>32>27>22>29>30>31>28>21>20>10>9>6>5>1>0>2>7>8>3>4>12>13>33>34>37>38>14>102>19>11>18>17>15>16>24>25>35>103>39>48>104>61>62>59>60>64>65>86>87>93>99>94>63>71>76>78>72>68>69>73>74>80>75>79>89>88>85>92>98>97>101>100>96>95>91>90>82
lin105.tsp,84,Nearest Insertion,44.409,2-OPT,57.012,15119,3471.97,84>83>78>76>79>75>72>68>69>73>74>80>89>88>85>90>91>95>96>100>101>92>97>98>99>94>93>87>86>65>64>59>60>62>61>104>56>53>50>46>43>57>52>51>45>42>40>41>38>37>34>33>13>12>3>4>8>7>2>0>1>5>6>9>10>14>20>21>28>29>30>31>32>27>22>19>102>11>18>23>26>15>16>17>24>25>36>35>103>39>48>44>47>49>54>55>58>63>71>66>67>70>77>81>82
lin105.tsp,84,Nearest Insertion,44.409,3-OPT,25708.2,15376.4,3214.58,84>83>81>77>70>67>66>78>76>71>63>58>55>54>49>47>44>48>39>103>35>25>24>17>16>15>26>23>18>11>102>19>22>27>32>31>30>29>28>21>20>14>10>9>6>5>1>0>2>7>8>4>3>12>13>33>34>37>38>36>41>40>42>45>51>52>57>43>46>50>53>56>104>61>62>60>59>64>65>86>87>93>94>99>98>97>89>88>80>74>73>69>68>72>75>79>85>92>101>100>96>95>91>90>82
lin105.tsp,84,Nearest Insertion,44.409,Node Shift,29.664,16273.7,2317.25,81>77>70>67>66>63>56>53>50>46>43>57>52>51>45>42>41>40>32>29>30>31>28>21>20>102>14>10>9>6>5>1>0>2>7>8>4>3>12>13>33>34>37>38>36>35>26>23>18>27>22>19>11>15>16>17>24>25>103>39>48>44>47>49>54>55>58>104>61>62>60>59>64>65>86>87>93>99>94>89>85>78>76>71>72>68>69>73>74>80>75>79>88>98>97>92>101>100>96>95>91>90>84>83>82
lin105.tsp,84,Cheapest Insertion,31.516,None,0,17577.4,0,84>83>81>77>70>66>67>63>71>76>78>72>68>104>58>55>54>49>47>48>39>44>103>32>31>30>28>21>20>10>9>6>5>1>0>2>7>8>14>102>29>27>22>19>11>18>23>26>15>16>17>24>25>35>36>13>4>3>12>34>33>37>38>43>46>50>53>56>40>41>42>45>51>52>57>61>62>60>59>64>65>86>87>93>99>94>69>73>74>80>75>79>89>88>98>97>92>101>100>96>95>91>90>85>82
lin105.tsp,84,Cheapest Insertion,31.516,2-OPT,36.772,15684.4,1892.65,84>90>91>95>96>100>101>92>97>98>99>94>93>87>86>65>64>59>60>62>61>57>52>56>53>50>46>43>51>45>42>40>41>38>37>34>33>12>3>4>13>36>35>25>24>17>16>15>26>23>18>11>8>7>2>0>1>5>6>9>10>14>102>19>22>27>29>20>21>28>30>31>32>103>39>48>44>47>49>54>55>58>104>63>72>68>69>73>74>80>89>88>85>79>75>78>76>71>66>67>70>77>81>82>83
lin105.tsp,84,Cheapest Insertion,31.516,3-OPT,31500.1,15464.5,2112.55,84>90>91>95>96>100>101>92>97>98>99>94>93>87>86>65>64>59>60>62>61>57>52>56>53>50>46>43>51>45>42>40>41>38>37>34>33>12>3>4>13>36>35>25>24>17>16>15>26>23>18>11>8>7>2>0>1>5>6>9>10>14>20>21>28>102>19>22>27>29>30>31>32>103>39>48>44>47>49>54>55>58>104>63>72>75>79>68>69>73>74>80>89>88>85>78>76>71>66>67>70>77>81>82>83
lin105.tsp,84,Cheapest Insertion,31.516,Node Shift,22.999,15576.9,2000.1,81>77>70>67>66>78>76>71>63>104>58>55>54>49>47>44>48>39>103>32>31>30>29>28>21>20>102>14>10>9>6>5>1>0>2>11>19>22>27>26>23>18>15>17>24>25>35>36>16>7>8>4>3>12>13>33>34>37>38>41>42>40>43>46>50>53>56>45>51>52>57>61>62>60>59>64>65>86>87>93>99>94>69>68>73>74>80>72>75>79>85>88>89>98>97>92>101>100>96>95>91>90>84>83>82
pr76.tsp,72,Nearest Neighbour,0,None,0,154711,0,72>71>70>63>62>56>57>58>59>40>39>33>34>35>36>17>16>10>11>12>13>14>15>9>8>5>6>7>2>3>4>19>18>30>29>28>27>42>41>53>52>51>50>65>64>55>54>48>49>66>67>68>46>47>43>44>45>23>24>20>21>22>0>1>74>75>25>26>32>31>37>38>60>61>69>73
pr76.tsp,72,Nearest Neighbour,0,2-OPT,16.977,111893,42817.4,72>71>70>64>65>50>55>54>51>48>49>66>69>67>68>46>47>43>44>45>23>22>0>75>74>1>21>20>24>25>26>42>52>53>41>27>32>31>28>29>30>18>19>4>3>2>6>7>5>8>9>11>12>13>73>14>15>10>16>17>36>35>34>37>38>33>39>40>59>58>60>61>57>56>62>63
pr76.tsp,72,Nearest Neighbour,0,3-OPT,5349.01,111552,43158.4,72>71>70>64>65>50>55>54>41>53>52>51>48>49>66>69>67>68>46>47>43>44>45>23>22>0>75>74>1>21>20>24>25>26>42>27>32>31>28>29>30>18>19>4>3>2>6>7>5>8>9>11>12>13>73>14>15>10>16>17>36>35>34>37>38>33>39>40>59>58>60>61>57>56>62>63
pr76.tsp,72,Nearest Neighbour,0,Node Shift,25.562,134644,20066,72>71>70>63>62>56>57>33>34>35>36>17>16>9>8>7>6>5>2>3>4>19>18>30>29>28>27>42>53>52>51>49>67>68>46>47>43>44>45>23>24>20>21>22>0>75>74>1>25>26>39>40>59>58>54>55>50>65>64>69>66>48>41>32>31>10>11>12>13>73>14>15>37>38>60>61
pr76.tsp,72,Nearest Insertion,7.001,None,0,128621,0,72>63>62>61>60>58>59>40>39>38>37>35>36>17>16>15>14>12>13>73>11>8>7>6>5>2>1>74>75>0>22>21>23>45>44>46>68>67>69>66>47>43>20>24>3>4>19>18>29>31>32>42>52>54>55>65>64>50>49>48>51>53>41>27>26>25>28>30>9>10>34>33>57>56>70>71
pr76.tsp,72,Nearest Insertion,7.001,2-OPT,3.999,126290,2329.59,72>63>62>61>60>58>59>40>39>38>37>35>36>17>16>15>14>73>13>12>11>8>7>6>5>2>1>74>75>0>22>21>23>45>44>46>68>67>69>66>47>43>24>20>3>4>19>18>29>25>26>42>52>48>49>65>64>50>55>54>51>53>41>27>32>31>28>30>9>10>34>33>57>56>70>71
pr76.tsp,72,Nearest Insertion,7.001,3-OPT,4145.4,120367,8253.42,72>63>62>61>60>58>59>40>39>38>37>35>36>17>16>15>14>73>13>12>11>10>9>8>7>6>5>2>1>74>75>0>22>21>23>45>44>46>68>67>69>66>47>43>24>20>3>4>19>18>30>29>25>26>42>52>48>49>65>64>50>55>54>51>53>41>27>28>31>32>34>33>57>56>70>71
pr76.tsp,72,Nearest Insertion,7.001,Node Shift,6.004,125158,3462.02,72>63>62>61>60>58>59>40>39>38>37>35>36>17>16>15>14>73>13>12>11>8>7>6>5>2>1>74>75>0>22>21>23>45>44>46>68>67>69>66>47>43>24>20>3>4>19>18>31>32>54>55>64>65>50>49>48>51>52>53>41>42>27>26>25>28>29>30>9>10>34>33>57>56>70>71
pr76.tsp,72,Cheapest Insertion,11.545,None,0,125274,0,72>63>62>61>60>40>39>33>34>35>36>15>14>73>13>12>11>10>16>17>37>38>59>58>57>56>54>55>41>32>31>18>9>8>7>6>5>2>1>74>75>0>22>21>23>45>44>46>68>67>69>66>47>43>20>24>3>4>19>30>29>28>25>26>27>42>53>52>51>48>49>50>65>64>70>71
pr76.tsp,72,Cheapest Insertion,11.545,2-OPT,4.511,113991,11283.2,72>63>62>61>60>56>55>54>57>58>59>40>39>38>37>33>32>31>34>35>36>17>16>15>14>73>13>12>11>10>9>8>7>6>5>2>1>74>75>0>22>21>23>45>44>46>68>67>69>66>47>43>24>20>3>4>19>18>30>29>28>25>26>27>42>41>53>52>51>48>49>50>65>64>70>71
pr76.tsp,72,Cheapest Insertion,11.545,3-OPT,3913.63,113980,11293.7,72>63>62>56>55>54>57>61>60>58>59>40>39>33>32>31>34>38>37>35>36>17>16>15>14>73>13>12>11>10>9>8>7>6>5>2>1>74>75>0>22>21>23>45>44>46>68>67>69>66>47>43>24>20>3>4>19>18>30>29>28>25>26>27>42>41>53>52>51>48>49>50>65>64>70>71
pr76.tsp,72,Cheapest Insertion,11.545,Node Shift,2.999,122242,3031.7,72>63>62>61>60>40>39>33>34>35>36>15>14>73>13>12>11>10>16>17>37>38>59>58>57>56>55>54>32>31>9>8>7>6>5>2>1>74>75>0>22>21>23>45>44>46>68>67>69>66>47>43>24>20>3>4>19>18>30>29>28>25>26>27>42>41>53>52>51>48>49>50>65>64>70>71
pr124.tsp,118,Nearest Neighbour,0,None,0,73392.9,0,118>117>116>115>114>119>120>121>122>123>99>98>97>96>95>94>93>92>91>79>78>77>76>75>74>73>72>71>70>69>68>67>63>62>64>65>61>59>60>58>35>34>28>27>26>6>7>0>1>2>3>5>31>30>29>33>32>4>25>37>23>24>21>22>38>39>36>54>55>56>57>66>82>81>83>80>90>100>101>102>113>112>111>110>109>108>107>106>105>104>103>88>87>86>85>84>89>53>44>43>42>41>40>20>19>18>17>16>15>8>9>10>11>12>13>14>48>47>46>45>51>52>49>50
pr124.tsp,118,Nearest Neighbour,0,2-OPT,21,63609.1,9782.94,118>117>116>115>114>100>101>102>113>112>111>110>109>108>107>106>105>104>103>88>87>52>51>45>46>47>48>49>50>14>13>12>11>10>9>8>15>16>17>18>19>20>40>41>42>43>44>53>86>85>84>89>90>83>81>80>82>66>57>56>55>54>36>39>38>22>21>24>23>37>25>27>26>6>7>0>1>2>3>4>5>31>30>29>33>32>28>34>35>58>60>59>61>65>64>62>63>67>68>69>70>71>72>73>74>75>76>77>78>79>91>92>93>94>95>96>97>98>99>123>122>121>120>119
pr124.tsp,118,Nearest Neighbour,0,3-OPT,43557.2,59928.8,13463.2,118>117>116>115>114>100>101>102>113>112>111>110>109>108>107>106>105>104>103>88>87>86>85>84>89>90>83>81>80>82>66>57>56>55>54>36>39>40>41>42>43>44>53>52>51>45>46>47>48>49>50>14>13>12>11>10>9>8>15>16>17>18>19>20>38>22>21>24>23>37>25>35>34>28>27>26>6>7>0>1>2>3>4>5>31>30>29>33>32>58>60>59>61>65>64>62>63>67>68>69>70>71>72>73>74>75>76>77>78>79>91>92>93>94>95>96>97>98>99>123>122>121>120>119
pr124.tsp,118,Nearest Neighbour,0,Node Shift,31.99,67307.4,6084.59,114>115>116>117>118>119>120>121>122>123>99>98>97>96>95>94>93>92>91>79>78>77>76>75>74>73>72>71>70>69>68>67>63>62>64>65>61>59>60>58>34>28>27>26>6>7>0>1>2>3>4>5>31>30>29>33>32>35>25>37>23>24>21>22>38>39>36>54>55>56>57>66>82>80>81>83>100>101>102>113>112>111>110>109>108>107>106>105>104>103>88>87>53>44>43>42>41>40>20>19>18>17>16>15>8>9>10>11>12>13>14>46>45>51>52>47>48>49>50>86>85>84>89>90
pr124.tsp,118,Nearest Insertion,31.514,None,0,71047.3,0,118>80>81>83>82>66>65>56>55>54>36>37>39>38>40>41>42>43>53>84>90>100>89>85>86>87>102>101>113>112>111>110>109>108>107>106>105>104>103>88>52>51>16>15>8>9>10>11>12>13>14>50>49>48>47>46>45>44>17>18>19>20>22>21>23>24>25>57>59>60>58>35>34>28>27>26>7>0>1>2>3>6>5>4>31>30>29>33>32>61>64>62>63>67>68>69>70>71>72>73>74>75>76>77>78>79>91>92>93>94>95>96>97>98>99>123>122>121>120>119>114>115>116>117
pr124.tsp,118,Nearest Insertion,31.514,2-OPT,25.602,61843.9,9203.09,118>119>120>121>122>123>99>98>97>96>95>94>93>92>91>79>78>77>76>75>74>73>72>71>70>69>68>67>63>62>61>60>58>32>33>29>30>31>5>4>3>2>1>0>7>6>26>27>28>34>35>25>23>24>21>22>20>19>18>17>44>16>15>8>9>10>11>12>13>14>50>49>48>47>46>45>51>52>87>88>103>104>105>106>107>108>109>110>111>112>113>102>101>100>90>89>84>85>86>53>43>42>41>40>39>38>37>36>54>55>56>57>59>65>64>66>82>80>81>83>114>115>116>117
pr124.tsp,118,Nearest Insertion,31.514,3-OPT,33130.6,61852.1,9194.88,118>119>120>121>122>123>99>98>97>96>95>94>93>92>91>79>78>77>76>75>74>73>72>71>70>69>68>67>63>62>64>65>61>60>58>32>33>29>30>31>5>4>3>2>1>0>7>6>26>27>28>34>35>25>23>24>21>22>20>19>18>17>44>45>16>15>8>9>10>11>12>13>14>50>49>48>47>46>51>52>87>88>103>104>105>106>107>108>109>110>111>112>113>102>101>100>90>89>84>85>86>53>43>42>41>40>39>38>37>36>54>55>56>57>59>66>82>80>81>83>114>115>116>117
pr124.tsp,118,Nearest Insertion,31.514,Node Shift,26,64169.4,6877.6,80>81>83>82>66>59>60>58>57>56>55>54>36>39>40>41>42>43>44>53>84>90>100>85>86>89>101>102>113>112>111>110>109>108>107>106>105>104>103>88>87>52>51>16>15>8>9>10>11>12>13>14>50>49>48>47>46>45>17>18>19>20>38>22>21>24>23>37>25>35>34>28>27>26>6>7>0>1>2>3>4>5>31>30>29>33>32>61>65>64>62>63>67>68>69>70>71>72>73>74>75>76>77>78>79>91>92>93>94>95>96>97>98>99>123>122>121>120>119>118>117>116>115>114
pr124.tsp,118,Cheapest Insertion,51.685,None,0,67722.2,0,118>83>81>80>82>66>100>90>84>89>85>86>101>113>112>111>110>109>108>107>106>105>104>103>102>88>87>56>55>54>39>38>22>21>19>20>18>17>44>45>46>47>48>49>50>14>13>12>11>10>9>8>15>16>51>52>53>43>42>41>40>36>37>23>24>25>57>59>60>58>35>34>28>27>26>6>7>0>1>2>3>4>5>31>30>29>33>32>61>65>64>62>63>67>68>69>70>71>72>73>74>75>76>77>78>79>91>92>93>94>95>96>97>98>99>123>122>121>120>119>114>115>116>117
pr124.tsp,118,Cheapest Insertion,51.685,2-OPT,13.012,64343.3,3378.67,118>119>120>121>122>123>99>98>97>96>95>94>93>92>91>79>78>77>76>75>74>73>72>71>70>69>68>67>63>62>64>65>61>32>33>29>30>31>5>4>3>2>1>0>7>6>26>27>28>34>35>58>60>59>57>25>24>23>37>36>38>22>21>20>19>18>17>44>16>15>8>9>10>11>12>13>14>50>49>48>47>46>45>51>52>53>43>42>41>40>39>54>55>56>85>86>87>88>102>103>104>105>106>107>108>109>110>111>112>113>101>89>84>90>100>83>81>82>66>80>114>115>116>117
pr124.tsp,118,Cheapest Insertion,51.685,3-OPT,92033.6,60679.1,7042.95,118>119>120>121>122>123>99>98>97>96>95>94>93>92>91>79>78>77>76>75>74>73>72>71>70>69>68>67>63>62>64>65>61>32>33>29>30>31>5>4>3>2>1>0>7>6>26>27>28>34>35>58>60>59>57>56>55>54>36>37>25>23>24>21>22>38>39>20>19>18>17>44>43>42>41>40>53>45>16>15>8>9>10>11>12>13>14>50>49>48>47>46>51>52>84>89>85>86>87>88>102>103>104>105>106>107>108>109>110>111>112>113>101>100>90>83>81>82>66>80>114>115>116>117
pr124.tsp,118,Cheapest Insertion,51.685,Node Shift,15.508,62442.4,5279.58,80>66>82>83>90>100>101>102>113>112>111>110>109>108>107>106>105>104>103>88>87>86>85>89>84>56>55>54>36>38>22>21>20>19>18>17>45>46>47>48>49>50>14>13>12>11>10>9>8>15>16>51>52>53>44>43>42>41>40>39>37>23>24>25>57>59>60>58>35>34>28>27>26>6>7>0>1>2>3>4>5>31>30>29>33>32>61>65>64>62>63>67>68>69>70>71>72>73>74>75>76>77>78>79>91>92>93>94>95>96>97>98>99>123>122>121>120>119>118>117>116>115>114>81
pr144.tsp,66,Nearest Neighbour,1,None,0,65259.2,0,66>65>64>63>62>61>60>67>68>69>71>70>44>43>42>41>40>16>17>20>19>18>7>6>8>9>10>11>14>15>13>12>39>38>37>36>22>21>23>24>35>34>25>26>29>28>27>1>0>2>3>4>5>33>32>31>30>48>49>50>51>52>53>54>55>56>57>59>58>47>46>45>78>79>80>81>82>83>84>85>109>108>107>106>105>104>103>87>86>102>101>100>99>98>97>96>95>94>93>92>89>88>77>76>75>74>73>72>90>91>115>116>117>118>119>120>121>122>123>124>125>126>127>128>129>133>132>131>130>114>134>135>136>137>138>139>140>141>142>143>110>111>112>113
pr144.tsp,66,Nearest Neighbour,1,2-OPT,22.999,59976.8,5282.21,66>65>64>63>62>61>60>86>87>102>101>100>99>98>97>96>95>94>92>93>89>88>77>76>75>74>73>72>90>91>115>116>117>118>119>120>121>122>123>124>125>126>127>128>129>114>130>131>132>133>134>135>136>137>138>139>140>141>142>143>113>112>111>110>109>106>105>103>104>107>108>85>84>83>82>81>80>79>78>59>58>47>46>45>57>56>55>54>53>52>51>50>49>48>30>31>32>33>0>2>3>4>5>1>27>28>29>26>25>34>35>24>23>21>22>36>37>38>39>18>7>6>8>9>10>11>12>13>14>15>19>20>17>16>40>41>42>43>44>70>71>69>68>67
pr144.tsp,66,Nearest Neighbour,1,3-OPT,65325.2,59454.7,5804.25,66>65>64>63>62>61>60>86>87>102>101>100>99>98>97>96>95>94>92>93>89>88>77>76>75>74>73>72>90>91>115>116>117>118>119>120>121>122>123>124>125>126>127>128>129>114>130>131>132>133>134>135>136>137>138>139>140>141>142>143>113>112>111>110>109>106>105>103>104>107>108>85>84>83>82>81>80>79>78>59>58>47>46>45>57>56>55>54>53>52>51>50>49>48>30>31>32>33>0>2>3>4>5>1>27>28>29>26>25>34>35>24>23>21>22>36>37>38>39>20>19>18>7>6>8>9>10>11>12>13>14>15>16>17>40>41>42>43>44>70>71>69>68>67
pr144.tsp,66,Nearest Neighbour,1,Node Shift,39.399,61630.2,3628.79,60>61>62>63>64>65>66>67>68>69>71>70>44>43>42>41>40>17>19>18>7>6>8>9>10>11>12>13>14>15>16>20>39>38>37>36>22>21>23>24>35>34>25>26>29>28>27>1>0>2>3>4>5>33>32>31>30>48>49>50>51>52>53>54>55>56>57>45>46>47>58>59>82>83>84>85>109>108>107>106>105>104>103>86>87>102>101>100>99>98>95>94>92>93>96>97>89>88>77>76>75>74>73>72>90>91>115>116>117>118>119>120>121>122>123>124>125>126>127>128>129>133>132>131>130>114>134>135>136>137>138>139>140>141>142>143>113>112>111>110>81>80>79>78
pr144.tsp,66,Nearest Insertion,49.434,None,0,76679.1,0,66>42>43>44>70>71>69>68>67>41>40>14>13>12>15>16>17>20>19>18>7>11>10>9>8>6>39>38>37>36>21>22>23>24>25>26>5>4>3>2>0>1>27>28>30>31>32>33>29>35>34>45>46>47>58>86>76>75>74>73>72>77>88>89>95>94>91>90>92>93>96>97>98>99>100>101>102>143>142>141>140>139>138>137>136>135>134>133>132>131>130>114>129>128>127>126>125>124>123>122>121>120>119>118>117>116>115>87>78>79>80>81>82>83>84>85>107>104>103>105>106>108>109>110>111>112>113>48>49>50>51>52>53>54>55>56>57>59>60>61>62>63>64>65
pr144.tsp,66,Nearest Insertion,49.434,2-OPT,48.312,59349.4,17329.6,66>67>68>69>71>70>44>43>42>13>12>14>15>41>40>16>17>20>19>18>7>11>10>9>8>6>39>38>37>36>22>21>5>4>3>2>0>1>27>28>24>23>35>34>25>26>29>33>32>31>30>48>49>50>51>52>53>54>55>56>57>78>79>80>81>82>83>84>85>107>104>103>105>106>108>109>110>111>112>113>143>142>141>140>139>138>137>136>135>134>133>132>131>130>114>129>128>127>126>125>124>123>122>121>120>119>118>117>116>115>91>90>72>73>74>75>76>77>88>89>93>92>94>95>96>97>98>99>100>101>102>87>86>59>58>47>46>45>60>61>62>63>64>65
pr144.tsp,66,Nearest Insertion,49.434,3-OPT,41707.2,59349.4,17329.6,66>67>68>69>71>70>44>43>42>13>12>14>15>41>40>16>17>20>19>18>7>11>10>9>8>6>39>38>37>36>22>21>5>4>3>2>0>1>27>28>24>23>35>34>25>26>29>33>32>31>30>48>49>50>51>52>53>54>55>56>57>78>79>80>81>82>83>84>85>107>104>103>105>106>108>109>110>111>112>113>143>142>141>140>139>138>137>136>135>134>133>132>131>130>114>129>128>127>126>125>124>123>122>121>120>119>118>117>116>115>91>90>72>73>74>75>76>77>88>89>93>92>94>95>96>97>98>99>100>101>102>87>86>59>58>47>46>45>60>61>62>63>64>65
pr144.tsp,66,Nearest Insertion,49.434,Node Shift,21.632,71654.2,5024.82,66>67>68>69>71>70>44>43>42>40>41>13>12>14>15>16>17>20>19>18>11>10>9>8>6>7>39>38>37>36>22>21>23>24>5>4>3>2>0>1>27>28>30>31>32>33>29>26>25>34>35>45>46>47>58>76>75>74>73>72>77>88>89>97>95>94>91>90>92>93>96>98>100>101>102>143>142>141>140>139>138>137>136>135>134>133>132>131>130>114>129>128>127>126>125>124>123>122>121>120>119>118>117>116>115>99>87>86>78>79>80>81>82>83>84>85>108>107>104>103>105>106>109>110>111>112>113>48>49>50>51>52>53>54>55>56>57>59>60>61>62>63>64>65
pr144.tsp,66,Cheapest Insertion,79.814,None,0,74419.9,0,66>59>58>47>46>45>57>56>55>54>53>52>51>50>49>48>36>22>21>24>25>26>5>4>3>2>0>1>27>28>30>31>32>33>29>34>35>23>37>38>39>20>19>18>7>6>8>9>10>11>12>13>40>17>16>15>14>41>42>43>44>70>71>72>73>74>75>90>91>92>93>94>95>96>97>98>99>100>101>102>115>116>117>118>119>120>121>122>123>124>125>126>127>128>129>133>132>131>130>114>134>135>136>137>138>139>140>141>142>143>103>104>107>108>78>79>80>81>82>83>84>85>113>112>111>110>109>106>105>87>86>89>88>77>76>69>68>67>60>61>62>63>64>65
pr144.tsp,66,Cheapest Insertion,79.814,2-OPT,30.498,59594.5,14824.5,66>67>68>69>76>77>88>89>99>100>101>102>87>86>78>79>80>81>82>83>84>85>108>107>104>103>105>106>109>110>111>112>113>143>142>141>140>139>138>137>136>135>134>133>132>131>130>114>129>128>127>126>125>124>123>122>121>120>119>118>117>116>115>98>97>96>95>94>93>92>91>90>72>73>74>75>71>70>44>43>42>41>40>17>16>15>14>13>12>11>10>9>8>6>7>18>19>20>39>38>37>36>22>21>5>4>3>2>0>1>27>28>26>25>24>23>35>34>29>33>32>31>30>48>49>50>51>52>53>54>55>56>57>59>58>47>46>45>60>61>62>63>64>65
pr144.tsp,66,Cheapest Insertion,79.814,3-OPT,175888,60261.2,14157.8,66>67>68>69>71>70>44>43>42>41>40>17>16>15>14>13>12>11>10>9>8>6>7>18>19>20>39>38>37>36>22>21>23>24>35>34>25>26>29>28>27>1>5>4>3>2>0>33>32>31>30>48>49>50>51>52>53>54>55>56>57>45>46>47>58>59>86>99>100>101>102>87>78>79>80>81>82>83>84>85>108>107>104>103>105>106>109>110>111>112>113>143>142>141>140>139>138>137>136>135>134>133>132>131>130>114>129>128>127>126>125>124>123>122>121>120>119>118>117>116>115>91>90>92>93>94>95>96>97>98>89>88>77>76>75>74>73>72>60>61>62>63>64>65
pr144.tsp,66,Cheapest Insertion,79.814,Node Shift,52.112,69466.4,4952.58,59>58>47>46>45>57>56>55>54>53>52>51>50>49>48>22>21>5>4>3>2>0>1>27>28>30>31>32>33>29>26>25>34>35>24>23>36>37>38>39>20>19>18>7>6>8>9>10>11>12>13>14>15>16>17>40>41>42>43>44>70>71>75>74>73>72>90>91>92>93>94>95>96>97>98>99>100>101>102>115>116>117>118>119>120>121>122>123>124>125>126>127>128>129>133>132>131>130>114>134>135>136>137>138>139>140>141>142>143>85>84>78>79>80>81>82>83>113>112>111>110>109>108>107>106>105>104>103>87>86>89>88>77>76>69>68>67>66>65>64>63>62>61>60
rat99.tsp,48,Nearest Neighbour,1,None,0,1424.52,0,48>57>58>59>50>51>52>53>44>43>33>42>41>32>31>40>39>38>47>37>46>45>54>55>56>64>65>66>67>77>76>75>84>83>82>81>90>91>92>93>94>85>86>87>78>79>70>69>68>60>61>62>71>80>89>88>98>97>96>95>74>73>72>63>49>30>29>28>36>27>18>19>20>21>12>11>10>2>1>9>0>3>13>4>5>6>7>8>17>16>15>14>22>23>24>25>34>35>26
rat99.tsp,48,Nearest Neighbour,1,2-OPT,14.013,1260.58,163.419,48>57>58>66>67>76>77>78>79>70>69>68>60>61>62>71>80>88>89>98>97>96>95>87>86>85>94>93>92>91>90>81>82>83>84>75>74>72>73>65>64>63>55>56>54>45>46>37>47>38>39>40>31>30>29>28>36>27>18>19>20>21>12>11>10>9>0>1>2>3>13>4>5>6>7>8>17>16>15>14>22>23>24>25>26>35>34>32>41>42>33>43>44>53>52>51>50>49>59
rat99.tsp,48,Nearest Neighbour,1,3-OPT,9004.71,1260.58,163.419,48>57>58>66>67>76>77>78>79>70>69>68>60>61>62>71>80>88>89>98>97>96>95>87>86>85>94>93>92>91>90>81>82>83>84>75>74>72>73>65>64>63>55>56>54>45>46>37>47>38>39>40>31>30>29>28>36>27>18>19>20>21>12>11>10>9>0>1>2>3>13>4>5>6>7>8>17>16>15>14>22>23>24>25>26>35>34>32>41>42>33>43>44>53>52>51>50>49>59
rat99.tsp,48,Nearest Neighbour,1,Node Shift,16.503,1319.46,104.538,50>51>52>53>44>33>42>41>32>39>38>47>37>46>45>54>63>65>66>67>77>76>83>82>81>90>91>92>93>94>86>87>78>79>70>69>68>60>61>62>71>80>88>89>98>97>96>95>85>84>75>74>72>73>64>55>56>57>58>59>48>49>40>31>30>29>28>36>27>18>19>20>21>12>11>10>9>0>1>2>3>13>4>5>6>7>8>17>16>15>14>22>23>24>25>26>34>35>43
rat99.tsp,48,Nearest Insertion,17.004,None,0,1476.42,0,48>49>50>51>41>40>31>39>47>38>46>45>37>28>36>27>29>30>32>42>33>23>20>21>18>19>10>9>0>1>3>2>11>12>13>4>5>6>7>8>22>14>15>17>16>24>25>26>34>35>43>44>53>52>59>58>57>60>61>62>70>71>80>79>69>68>77>76>78>89>98>97>95>96>88>87>86>85>94>84>83>93>92>91>90>82>81>72>75>74>67>66>65>73>64>63>54>55>56
rat99.tsp,48,Nearest Insertion,17.004,2-OPT,14,1308.64,167.36,48>49>39>38>47>46>45>37>28>36>27>18>19>10>9>0>1>3>2>11>12>13>4>5>6>7>8>17>16>15>14>22>21>20>29>30>31>40>41>42>33>32>23>24>25>26>34>35>43>44>53>52>51>50>59>57>58>60>61>62>71>80>79>70>69>68>77>76>78>88>89>98>97>96>95>94>85>86>87>84>83>93>92>91>90>82>81>72>74>75>67>66>65>73>64>63>54>55>56
rat99.tsp,48,Nearest Insertion,17.004,3-OPT,21285.8,1312.73,163.265,48>49>50>41>42>33>23>22>21>20>29>30>31>32>40>39>38>47>46>45>37>28>36>27>18>19>10>9>0>1>3>2>11>12>13>4>5>6>7>8>17>16>15>14>24>25>26>34>35>43>44>53>52>51>59>60>61>62>71>80>79>70>69>68>77>76>78>87>86>88>89>98>97>96>95>94>85>84>83>93>92>91>90>82>81>72>74>75>67>66>65>73>64>63>54>55>56>57>58
rat99.tsp,48,Nearest Insertion,17.004,Node Shift,26.509,1286.17,189.829,48>49>39>38>47>46>45>37>36>27>28>29>30>31>40>41>42>33>32>21>20>18>19>10>9>0>1>2>11>12>13>3>4>5>6>7>8>17>16>15>14>22>23>24>25>26>34>35>43>44>53>52>51>50>59>60>61>62>71>80>79>70>69>68>77>78>87>88>89>98>97>96>95>94>85>86>76>75>84>83>93>92>91>90>82>81>72>73>74>67>66>65>64>63>54>55>56>57>58
rat99.tsp,48,Cheapest Insertion,26.809,None,0,1472.02,0,48>46>54>45>47>37>38>39>36>27>28>29>20>18>19>10>9>0>1>3>2>11>4>6>7>8>5>13>12>21>30>31>40>32>33>23>22>14>15>17>16>24>25>26>34>35>43>42>41>49>50>51>52>44>53>62>61>60>59>58>57>70>71>80>79>69>68>77>76>78>87>86>88>89>98>97>96>95>93>91>90>81>72>82>92>94>85>84>83>75>74>67>66>65>73>63>64>55>56
rat99.tsp,48,Cheapest Insertion,26.809,2-OPT,4,1409.34,62.6644,48>39>38>47>46>54>45>37>36>27>18>19>10>9>0>1>11>2>3>4>6>7>8>5>13>12>21>20>29>28>30>31>40>32>33>23>22>14>15>17>16>24>25>26>34>35>43>42>41>49>50>51>52>44>53>62>61>60>59>57>58>69>70>71>80>79>68>77>76>78>87>86>88>89>98>97>96>95>93>91>90>81>72>82>92>94>85>84>83>75>74>67>66>65>73>63>64>55>56
rat99.tsp,48,Cheapest Insertion,26.809,3-OPT,26591.1,1347.07,124.93,48>59>60>58>57>64>63>73>65>66>67>74>75>83>84>85>94>92>82>72>81>90>91>93>95>96>97>98>89>88>86>87>78>76>77>68>69>79>80>71>70>61>62>53>44>52>51>50>49>40>31>30>20>21>12>22>23>32>41>42>33>43>35>34>26>25>24>14>15>16>17>8>7>6>5>4>13>3>2>11>1>0>9>10>19>18>27>36>28>29>37>38>39>47>46>45>54>55>56
rat99.tsp,48,Cheapest Insertion,26.809,Node Shift,19.623,1320.11,151.895,54>45>46>47>39>38>37>28>36>27>18>19>9>0>1>10>11>2>3>4>5>6>7>8>13>12>21>20>29>30>31>32>23>22>14>15>17>16>24>25>26>34>35>43>33>42>41>40>49>50>51>52>44>53>62>61>60>59>48>57>58>68>69>70>71>80>79>78>77>76>75>84>85>86>87>88>89>98>97>96>95>94>93>92>91>90>81>72>82>83>74>67>66>65>73>63>64>55>56
st70.tsp,60,Nearest Neighbour,1.002,None,0,803.895,0,60>39>44>38>24>45>26>8>16>42>40>5>41>17>3>1>6>31>2>7>27>25>48>54>18>23>14>56>62>21>58>37>68>30>12>28>69>34>22>0>35>15>46>36>57>49>9>51>59>11>20>33>32>53>61>47>66>55>64>50>10>63>4>52>65>43>67>29>19>13
st70.tsp,60,Nearest Neighbour,1.002,2-OPT,3.998,709.932,93.0675,60>39>8>16>42>40>5>65>52>4>9>51>59>11>20>33>32>61>53>47>66>10>63>64>55>50>49>57>36>46>15>0>35>22>12>28>69>34>68>30>37>58>21>62>56>14>23>18>25>54>48>27>7>2>31>6>1>3>17>41>67>43>13>19>29>26>45>44>24>38
st70.tsp,60,Nearest Neighbour,1.002,3-OPT,2467.8,713.347,89.6535,60>39>38>24>44>45>26>67>43>29>19>13>2>27>7>25>48>54>18>23>14>56>62>21>58>34>69>28>12>30>68>37>22>35>0>15>46>36>57>49>50>64>63>10>55>66>47>53>61>32>33>20>11>59>51>9>4>52>65>1>6>31>3>17>41>5>40>42>16>8
st70.tsp,60,Nearest Neighbour,1.002,Node Shift,12.017,736.816,66.1837,39>60>38>24>44>45>26>16>42>40>41>17>3>1>6>31>2>27>7>25>48>54>18>23>14>56>62>65>21>58>68>30>12>28>69>34>37>22>35>0>15>46>36>57>49>51>59>11>20>33>32>61>53>47>66>10>55>64>63>50>9>4>52>5>29>19>13>43>67>8
st70.tsp,60,Nearest Insertion,6.512,None,0,807.082,0,60>38>24>44>39>45>26>8>67>43>42>40>41>17>2>13>29>19>27>7>48>54>25>31>6>18>1>3>5>16>52>4>46>21>65>56>23>14>62>58>34>68>30>69>28>12>37>22>35>0>15>57>36>49>9>51>59>50>63>64>55>10>66>47>53>61>32>11>20>33
st70.tsp,60,Nearest Insertion,6.512,2-OPT,5.109,737.128,69.8719,60>38>24>44>39>45>26>8>67>43>29>19>13>27>48>54>25>7>2>31>6>18>1>3>17>41>5>40>42>16>52>4>46>37>21>65>56>23>14>62>58>34>68>30>69>28>12>22>35>0>15>36>57>49>9>51>59>50>55>64>63>10>66>47>53>61>32>11>20>33
st70.tsp,60,Nearest Insertion,6.512,3-OPT,4432.69,720.012,86.9884,60>38>24>44>39>45>26>8>16>42>67>43>29>19>13>27>48>54>25>7>2>31>6>18>1>3>17>41>40>5>52>4>46>37>58>21>65>62>56>23>14>34>68>30>69>28>12>22>35>0>15>36>57>49>9>51>59>50>55>64>63>10>66>47>53>61>32>11>20>33
st70.tsp,60,Nearest Insertion,6.512,Node Shift,7,718.094,88.9059,39>60>38>24>44>45>26>67>43>29>19>13>27>48>54>25>7>2>31>6>18>1>3>17>41>5>40>42>16>52>65>23>14>56>62>21>37>58>34>68>30>69>12>28>35>0>22>15>46>36>57>49>4>9>51>59>50>63>64>55>10>66>47>53>61>32>11>20>33>8
st70.tsp,60,Cheapest Insertion,9.859,None,0,767.522,0,60>38>24>44>39>45>26>43>67>29>19>13>27>48>54>25>7>2>31>6>18>1>41>17>3>5>40>42>16>11>52>4>46>22>37>21>65>56>23>14>62>58>34>68>30>69>12>28>35>0>15>57>36>49>9>51>59>32>55>50>64>63>10>66>47>53>61>20>33>8
st70.tsp,60,Cheapest Insertion,9.859,2-OPT,4,718.93,48.0699,60>38>24>44>39>45>26>67>43>29>19>13>27>48>54>25>7>2>31>6>18>1>3>17>41>5>40>42>16>11>32>59>51>9>4>52>46>22>37>21>65>56>23>14>62>58>34>68>30>69>12>28>35>0>15>36>57>49>50>55>64>63>10>66>47>53>61>33>20>8
st70.tsp,60,Cheapest Insertion,9.859,3-OPT,4932.03,699.288,67.7117,60>44>24>38>61>53>47>66>10>63>64>55>50>49>57>36>15>0>35>28>12>69>30>68>34>14>23>56>62>65>21>58>37>22>46>52>4>9>51>59>32>11>33>20>16>42>40>5>41>17>3>1>18>6>31>2>7>25>54>48>27>13>19>29>43>67>26>45>8>39
st70.tsp,60,Cheapest Insertion,9.859,Node Shift,4,731.914,35.0865,39>60>38>24>44>45>26>67>43>29>19>13>27>48>54>25>7>2>31>6>18>1>3>17>41>5>40>42>16>52>4>46>22>37>21>65>23>14>56>62>58>34>68>30>69>12>28>35>0>15>36>57>49>9>51>59>11>32>55>50>64>63>10>66>47>53>61>33>20>8
ch150.tsp,106,Nearest Neighbour,0.999,None,0,7802.84,0,106>94>81>4>99>142>96>123>92>34>95>88>7>83>6>29>62>47>72>75>86>0>97>102>33>112>9>93>87>120>78>58>15>132>14>77>79>13>121>76>130>31>22>37>66>42>108>50>19>24>109>80>28>85>134>69>107>101>113>98>18>1>36>8>27>5>41>119>46>138>39>52>23>117>126>68>35>60>10>147>129>59>65>16>139>116>56>38>40>100>115>11>133>137>45>89>91>53>32>125>51>110>104>55>25>145>74>17>141>84>64>54>57>49>136>131>140>82>71>48>146>143>128>26>30>144>111>135>63>43>70>44>127>67>118>90>105>12>73>122>114>149>3>103>21>124>148>61>2>20
ch150.tsp,106,Nearest Neighbour,0.999,2-OPT,56.696,6802.69,999.314,106>94>81>102>97>0>86>33>75>72>2>61>148>124>21>103>3>114>149>20>43>70>44>127>67>118>90>105>12>73>122>135>111>63>144>30>26>128>143>146>48>71>13>79>77>14>132>121>76>130>31>22>37>66>11>115>100>40>38>56>116>139>59>65>16>129>147>10>60>35>68>126>117>23>52>39>138>46>119>41>8>27>5>36>1>18>98>113>101>107>69>134>85>28>80>109>24>19>50>108>42>133>137>45>89>82>140>57>49>136>131>54>64>84>141>17>74>25>145>55>91>53>32>125>51>104>110>15>58>78>120>87>93>9>112>47>62>29>83>6>7>88>95>34>92>123>96>142>99>4
ch150.tsp,106,Nearest Neighbour,0.999,3-OPT,110115,6771.67,1030.33,106>94>81>102>97>0>86>33>75>72>2>61>148>124>21>103>3>114>149>20>43>70>44>127>67>118>90>105>12>73>122>135>111>63>144>30>26>128>143>146>48>71>13>79>77>14>132>121>76>130>31>22>37>66>108>42>11>115>100>40>38>56>116>139>59>65>16>129>147>10>60>35>68>126>117>23>52>39>138>46>119>41>8>27>5>36>1>18>98>113>101>107>69>134>85>28>80>109>24>19>50>137>133>53>91>45>89>82>140>57>49>136>131>54>64>84>141>17>74>25>145>55>32>125>51>104>110>15>58>78>120>87>93>9>112>47>62>29>83>6>7>88>95>34>92>123>96>142>99>4
ch150.tsp,106,Nearest Neighbour,0.999,Node Shift,81.324,7155.6,646.401,81>94>106>4>99>142>96>123>92>34>95>29>47>72>75>86>0>97>33>62>9>93>87>120>78>77>14>58>15>132>130>31>22>37>66>108>50>19>24>109>80>28>85>134>69>107>101>113>98>18>1>36>5>27>8>41>119>46>138>39>52>11>23>117>126>68>35>60>10>147>129>59>65>16>139>116>40>56>38>100>115>42>137>53>91>32>125>51>110>104>55>145>25>74>17>141>84>64>131>136>49>54>57>140>82>89>45>133>76>121>13>79>71>48>146>143>128>26>30>144>63>43>70>44>127>67>118>90>105>12>73>122>135>111>20>149>114>3>103>21>124>148>61>2>112>88>7>83>6>102
ch150.tsp,106,Nearest Insertion,58.989,None,0,8049.3,0,106>4>123>7>6>83>29>33>102>97>0>86>75>72>47>62>88>95>34>92>125>32>91>45>137>133>53>104>110>15>132>76>130>31>66>108>11>23>126>68>129>59>65>16>147>10>60>35>117>52>39>138>119>41>27>8>5>36>98>113>101>18>1>46>109>28>85>107>69>134>49>136>131>64>54>57>82>84>141>17>74>25>145>55>89>140>80>24>19>50>42>115>100>38>56>139>116>40>37>22>128>26>30>143>48>146>144>122>73>12>90>118>67>127>103>3>149>114>44>70>43>105>135>111>63>71>121>13>79>14>77>58>78>87>93>20>124>21>148>61>2>112>9>120>51>96>99>142>81>94
ch150.tsp,106,Nearest Insertion,58.989,2-OPT,46.501,7422.65,626.351,106>4>99>142>96>123>125>32>91>45>137>133>53>104>110>15>132>76>130>31>66>42>108>50>19>24>80>140>89>55>145>25>74>17>141>84>82>57>54>64>131>136>49>134>69>107>85>28>109>46>1>18>101>113>98>5>27>8>36>41>119>138>39>52>117>68>35>60>10>147>16>65>59>129>126>23>11>115>100>38>56>139>116>40>37>22>128>26>30>122>73>12>105>90>118>67>127>3>103>149>114>44>70>43>63>111>135>144>143>146>48>71>79>13>121>14>77>58>78>120>87>20>124>21>148>61>2>112>9>93>51>92>34>95>88>7>29>62>47>72>75>86>0>97>102>33>83>6>81>94
ch150.tsp,106,Nearest Insertion,58.989,3-OPT,187936,6850.42,1198.58,106>4>99>142>96>123>34>92>51>125>32>104>110>15>132>76>130>22>37>31>66>42>108>50>19>24>140>57>54>64>82>89>45>137>133>53>91>55>145>25>74>17>141>84>131>136>49>134>69>107>85>28>80>109>46>1>18>101>113>98>5>27>8>36>41>119>138>39>52>23>11>115>100>40>56>38>126>117>68>35>60>10>147>129>16>65>59>139>116>128>26>30>122>73>12>105>90>118>67>127>3>103>149>114>44>70>43>63>111>135>144>143>146>48>71>79>13>121>14>77>58>78>120>87>20>124>21>148>61>2>112>9>93>95>88>7>6>83>29>62>47>72>75>33>86>0>97>102>81>94
ch150.tsp,106,Nearest Insertion,58.989,Node Shift,67.97,7280.79,768.214,102>97>0>86>33>75>72>47>62>29>83>6>7>88>95>34>125>32>91>53>89>45>137>133>104>110>15>132>121>76>130>31>66>11>23>126>129>59>65>16>147>10>60>35>68>117>52>39>138>119>41>36>8>27>5>98>113>101>18>1>46>109>80>28>85>107>69>134>49>136>131>57>54>64>84>141>17>74>25>145>55>82>140>24>19>50>108>42>115>100>38>56>139>116>40>37>22>128>26>30>143>48>146>144>122>73>12>105>90>118>67>127>3>103>149>114>44>70>43>63>111>135>71>13>79>77>14>58>78>20>124>21>148>61>2>112>9>93>87>120>51>92>123>96>142>99>4>106>94>81
ch150.tsp,106,Cheapest Insertion,91.89,None,0,7989.07,0,106>4>96>99>142>6>83>7>88>123>125>32>91>55>145>25>74>82>140>64>17>141>84>131>136>54>57>49>134>69>107>85>28>80>109>1>18>101>113>98>36>5>8>27>41>119>39>117>35>60>10>147>16>65>59>129>139>116>56>40>100>115>38>68>126>23>11>52>138>46>24>19>50>42>66>37>22>31>130>108>89>45>137>133>53>104>110>15>132>76>121>13>79>14>77>58>78>87>93>20>63>111>71>48>146>143>128>26>30>122>73>144>135>43>70>44>127>105>12>90>118>67>103>3>114>149>124>21>148>61>2>112>9>120>51>92>34>95>29>62>47>72>75>33>102>97>0>86>81>94
ch150.tsp,106,Cheapest Insertion,91.89,2-OPT,43.959,7238.58,750.421,106>4>99>142>96>6>83>7>88>123>125>32>91>45>89>55>145>25>74>82>140>64>17>141>84>131>136>49>54>57>134>69>107>85>28>80>109>1>18>101>113>98>5>27>8>36>41>119>39>117>126>68>35>60>10>147>129>16>65>59>139>116>56>38>40>100>115>11>23>52>138>46>24>19>50>108>42>66>37>22>31>130>133>137>53>104>110>15>132>76>121>13>79>77>14>58>78>120>87>20>63>111>144>71>48>146>143>128>26>30>122>73>135>12>105>43>70>44>127>90>118>67>103>3>114>149>124>21>148>61>2>112>9>93>51>92>34>95>29>62>47>72>75>33>86>0>97>102>81>94
ch150.tsp,106,Cheapest Insertion,91.89,3-OPT,117409,6929.7,1059.3,106>4>99>142>96>123>125>32>91>45>89>55>145>25>74>82>140>57>54>64>17>141>84>131>136>49>134>69>107>85>28>1>18>101>113>98>5>27>8>36>41>119>39>117>126>68>35>60>10>147>129>16>65>59>139>116>56>38>40>100>115>11>23>52>138>46>109>80>24>19>50>108>42>66>37>22>31>130>133>137>53>104>110>15>132>76>121>13>79>77>14>58>78>120>87>20>63>111>144>71>48>146>143>128>26>30>122>73>135>12>105>90>118>67>127>44>70>43>114>149>3>103>21>124>148>61>2>112>9>93>51>92>34>95>88>7>6>83>29>62>47>72>75>33>86>0>97>102>81>94
ch150.tsp,106,Cheapest Insertion,91.89,Node Shift,119.586,6914.35,1074.65,106>4>99>142>96>6>83>7>123>92>125>32>55>145>25>74>82>140>64>17>141>84>131>136>49>54>57>85>28>107>134>69>101>113>98>18>1>36>5>27>8>41>39>117>126>68>35>60>10>147>129>16>65>59>139>116>40>56>38>100>115>11>23>52>138>119>46>109>80>24>19>50>108>42>66>37>22>31>130>133>137>45>89>91>53>104>110>15>58>78>77>14>132>76>121>13>79>71>144>146>48>143>128>26>30>122>73>12>135>111>63>43>70>105>90>118>67>127>44>3>103>149>114>20>124>21>148>61>2>112>9>93>87>120>51>34>95>88>29>62>47>72>75>33>86>0>97>102>81>94
